country	field	variant	canonical
*	name	praivet	pvt
*	name	dhamizhnadhu	tamilnadu
*	name	limidhedh	ltd
*	name	praibhet	pvt
*	name	hariyana	haryana
*	name	bhiraivedh	pvt
*	name	keralan	kerala
*	name	elaelapi	llp
*	name	limirrad	ltd
*	name	tek	tech
*	name	phuds	foods
*	name	kanstrakshans	constructions
*	name	intaraneshanal	intl
*	name	aiti	it
*	name	pradesha	pradesh
*	name	enarji	energy
*	name	impeks	impex
*	name	phud	food
*	name	phaundeshan	foundation
*	name	prodyusar	producer
*	name	estet	estate
*	name	pavar	power
*	name	panjab	punjab
*	name	kanstrakshan	construction
*	name	bildars	builders
*	name	odaisha	odisha
*	name	prodakts	products
*	name	tredinga	trading
*	name	devalapars	developers
*	name	midiya	media
*	name	sistams	systems
*	name	venchars	ventures
*	name	al	all
*	name	indastrij	ind
*	name	entarapraijej	ent
*	name	kansaltents	consultants
*	name	kansaltensi	consultancy
*	name	saolyushans	solutions
*	name	teknolaojij	tech
*	name	injiniyaringa	engg
*	name	investaments	investments
*	name	keyar	care
*	name	projekts	projects
*	name	marketinga	marketing
*	name	eksaports	exports
*	name	kansaltinga	consulting
*	name	imphra	infra
*	name	imphrastrakchar	infrastructure
*	name	egro	agro
*	name	investamenta	investment
*	name	imphotek	infotech
*	name	phainens	finance
*	name	sarvisej	svc
*	name	elelpi	llp
*	name	helthakeyar	healthcare
*	name	hai	high
*	name	haospitailiti	hospitality
*	name	bijanes	business
*	name	mainejamenta	mgmt
*	name	tirupati	tirupathi
*	name	saophtaveyar	software
*	name	gujarata	gujarat
*	name	laojistiks	logistics
*	name	grin	green
*	name	lotas	lotus
*	name	teknolaoji	tech
*	name	laiph	life
*	name	siti	city
*	name	praopartij	properties
*	name	san	sun
*	name	supar	super
*	name	svastik	swastik
*	name	nyu	new
*	name	hotal	hotel
*	name	klasik	classic
*	name	riyal	real
*	name	drim	dream
*	name	dijital	digital
*	name	blu	blue
*	name	suprim	supreme
*	name	phyuchar	future
*	name	skai	sky
*	name	gret	great
*	name	haitek	hitech
*	name	limatid	ltd
*	name	arban	urban
*	name	gud	good
*	name	brait	bright
*	name	yunivarsal	universal
*	name	indiyan	indian
*	name	praim	prime
*	name	yunaited	united
*	name	silvar	silver
*	name	sauth	s
*	name	inovetiv	innovative
*	name	yunik	unique
*	name	epeks	apex
*	name	golda	gold
*	name	esaes	ss
*	name	ista	e
*	name	smarta	smart
*	name	goldan	golden
*	name	dayanamik	dynamic
*	name	istarna	eastern
*	name	paraphekta	perfect
*	name	payoniyar	pioneer
*	name	vijan	vision
*	name	ola	all
*	name	sanaraij	sunrise
*	name	besta	best
*	name	krietiv	creative
*	name	baombe	bombay
*	name	may	my
*	name	sadarna	southern
*	name	rajasthana	rajasthan
*	name	blaik	black
*	name	phaorchyun	fortune
*	name	vhait	white
*	name	gaileksi	galaxy
*	name	maodarna	modern
*	name	solyushans	solutions
*	name	naortha	n
*	name	raoyal	royal
*	name	indastris	ind
*	name	inphra	infra
*	name	inphrastrakchar	infrastructure
*	name	phainans	finance
*	name	inphotek	infotech
*	name	ker	care
*	name	mai	my
*	name	treding	trading
*	name	stors	stores
*	name	bihara	bihar
*	name	agro	agri
*	name	svits	sweets
*	name	tredars	traders
*	name	teknalajis	tech
*	name	bekari	bakery
*	name	elelbhi	llp
*	name	hotel	hotels
*	name	eksports	exports
*	name	motars	motors
*	name	medikals	medicals
*	name	teknalaji	tech
*	name	stil	steel
*	name	prajekts	projects
*	name	provijan	provision
*	name	haspitaliti	hospitality
*	name	lajistiks	logistics
*	name	panjaba	punjab
*	name	saphtver	software
*	name	kansalting	consulting
*	name	jvelars	jewelers
*	name	teksatails	textiles
*	name	garaments	garments
*	name	eses	ss
*	name	prapartis	properties
*	name	restorenta	restaurant
*	name	sarvisas	svc
*	name	hardaveyar	hardware
*	name	heltker	healthcare
*	name	intarneshanal	intl
*	name	dainamik	dynamic
*	name	otomobails	automobiles
*	name	ilektraoniks	electronics
*	name	intarnyashanal	intl
*	name	rayal	royal
*	name	sadarn	southern
*	name	shivan	shivam
*	name	indharneshanl	intl
*	name	dhegh	tech
*	name	injiniyaring	engg
*	name	bambe	bombay
*	name	vait	white
*	name	ghulobhal	global
*	name	vishan	vision
*	name	teknolojis	tech
*	name	saliushanas	solutions
*	name	pharchun	fortune
*	name	sayi	sai
*	name	saut	s
*	name	menejment	mgmt
*	name	parphekt	perfect
*	name	ghansdhrakshans	constructions
*	name	entarapraijes	ent
*	name	intaranyashanal	intl
*	name	entarpraisas	ent
*	name	helthaker	healthcare
*	name	kriyetiv	creative
*	name	kanastrakashanas	constructions
*	name	tredin	trading
*	name	indhasdhris	ind
*	name	infrasdhraghjhar	infrastructure
*	name	fudhs	foods
*	name	hasbhidhalidhdhi	hospitality
*	name	nart	n
*	name	sistemas	systems
*	name	endharbhiraijhas	ent
*	name	injaniring	engg
*	name	gyalaksi	galaxy
*	name	bhildhars	builders
*	name	inaphra	infra
*	name	gloval	global
*	name	bijines	business
*	name	kanasalatyantas	consultants
*	name	phast	fast
*	name	vildars	builders
*	name	entarapraijhis	ent
*	name	inaphotek	infotech
*	name	entarpraijes	ent
*	name	tekanolajis	tech
*	name	eghsbhordhs	exports
*	name	eksaportas	exports
*	name	infodhegh	infotech
*	name	phudas	foods
*	name	ghanjhaldhanjhi	consultancy
*	name	myanejment	mgmt
*	name	esdhedh	estate
*	name	sarbhises	svc
*	name	sanrais	sunrise
*	name	bhijhins	business
*	name	sarvises	svc
*	name	midhiya	media
*	name	jharvijhas	svc
*	name	vijanes	business
*	name	menejmendh	mgmt
*	name	jholyushans	solutions
*	name	aghro	agro
*	name	dheghnalajis	tech
*	name	indastrijh	ind
*	name	jhafdhver	software
*	name	bisines	business
*	name	apeks	apex
*	name	heldhgher	healthcare
*	name	bhurabhbhardhdhis	properties
*	name	kansaltants	consultants
*	name	bhurodhyujhar	producer
*	name	ghanjhaldhandhs	consultants
*	name	marketin	marketing
*	name	prajektas	projects
*	name	istarn	eastern
*	name	marghghedhdhin	marketing
*	name	paoyaar	power
*	name	imbheghs	impex
*	name	menejamenta	mgmt
*	name	venjhjhars	ventures
*	name	bijhanes	business
*	name	lajistikas	logistics
*	name	ghanjhaldhin	consulting
*	name	bhavar	power
*	name	saphataoyayar	software
*	name	teknoloji	tech
*	name	inabhestamentas	investments
*	name	fainans	finance
*	name	invesdhmendh	investment
*	name	lojistiks	logistics
*	name	inaphrastrakachar	infrastructure
*	name	madarn	modern
*	name	inrarnashanal	intl
*	name	ayagro	agro
*	name	kanasalatensi	consultancy
*	name	hasapitaliti	hospitality
*	name	propartijh	properties
*	name	injiniyaarin	engg
*	name	ol	all
*	name	myanejamenta	mgmt
*	name	shyan	shyam
*	name	debhelaparas	developers
*	name	kanasaltin	consulting
*	name	helathakeyaar	healthcare
*	name	kanastrakashan	construction
*	name	prodaktas	products
*	name	modarn	modern
*	name	dhevalabhbhars	developers
*	name	midiyaa	media
*	name	gher	care
*	name	enrarpraisas	ent
*	name	invesdhmendhs	investments
*	name	enjiniyaringa	engg
*	name	hospitaliti	hospitality
*	name	sarvisis	svc
*	name	bhurajeghdhs	projects
*	name	inabhestamenta	investment
*	name	hodhdhal	hotel
*	name	keyaar	care
*	name	bhuradhaghdhs	products
*	name	ghansdhrakshan	construction
*	name	lajisdhighs	logistics
*	name	prapartij	properties
*	name	bhigh	big
*	name	sophtaver	software
*	name	fiyujhjhar	future
*	name	kansaltansi	consultancy
*	name	dhirubhbhadhi	tirupati
*	name	gelaksi	galaxy
*	name	favundheshan	foundation
*	name	fudh	foot
*	name	blak	black
*	name	yunigh	unique
*	name	bombe	bombay
*	name	garments	garment
*	name	ayapeks	apex
*	name	tekanolaji	tech
*	name	invesrrmenrs	investments
*	name	markkaring	marketing
*	name	helttkeyar	healthcare
*	name	payanir	pioneer
*	name	enjiniyaring	engg
*	name	northa	n
*	name	jhan	sun
*	name	atomobails	automobiles
*	name	bhayaniyar	pioneer
*	name	sghai	sky
*	name	gholdhu	gold
*	name	voyidh	white
*	name	smardh	smart
*	name	isdharn	eastern
*	name	valaji	balaji
*	name	ghelaghsi	galaxy
*	name	sadharna	southern
*	name	ailaailapi	llp
*	name	inobhetibh	innovative
*	name	jhiva	shiva
*	name	propparttis	properties
*	name	lodhdhas	lotus
*	name	silabhar	silver
*	name	jhadharn	saturn
*	name	kriyaetibh	creative
*	name	sanraij	sunrise
*	name	kansalttanrs	consultants
*	name	indho	indo
*	name	bhulu	blue
*	name	ghudh	good
*	name	nardh	n
*	name	teknolajis	tech
*	name	vesta	best
*	name	jhilvar	silver
*	name	ghilajhigh	classic
*	name	vlu	blue
*	name	bhishan	vision
*	name	jhiv	shiv
*	name	bisinas	business
*	name	nartha	n
*	name	vijhan	vision
*	name	payaoniyaar	pioneer
*	name	ghiredh	great
*	name	arihandh	arihant
*	name	ghuru	guru
*	name	madharn	modern
*	name	jhanrais	sunrise
*	name	vava	baba
*	name	bhesdh	best
*	name	projakts	projects
*	name	skay	sky
*	name	phanteshan	foundation
*	name	rayayal	royal
*	name	ghirushna	krishna
*	name	svasdhigh	swastik
*	name	anndh	anand
*	name	hospirraliri	hospitality
*	name	kansaltting	consulting
*	name	vomve	bombay
*	name	jhubhbhar	super
*	name	iunaited	united
*	name	bhalaji	balaji
*	name	innovetiv	innovative
*	name	madarna	modern
*	name	modarna	modern
*	name	yunivarjhal	universal
*	name	manejmenr	mgmt
*	name	indhiyan	indian
*	name	devalappezhs	developers
*	name	bharfeghdh	perfect
*	name	adhidhya	adithya
*	name	geleksi	galaxy
*	name	haidhegh	hitech
*	name	ghujaradh	gujarat
*	name	abheghs	apex
*	name	riyael	real
*	name	jyuvelars	jewelers
*	name	hardver	hardware
*	name	vlyak	black
*	name	ghiriyedhdhiv	creative
*	name	esrrerr	estate
*	name	laif	life
*	name	alfa	alpha
*	name	bhambhay	bombay
*	name	ghirin	green
*	name	sdhar	star
*	name	innovedhdhiv	innovative
*	name	sanaraijh	sunrise
*	name	kansalttansi	consultancy
*	name	indiyaan	indian
*	name	alapha	alpha
*	name	phaundesan	foundation
*	name	jhurya	surya
*	name	lojisriks	logistics
*	name	blek	black
*	name	blyak	black
*	name	gholdhan	golden
*	name	dhainmigh	dynamic
*	name	smartt	smart
*	name	tekstails	textiles
*	name	yunaidhedh	united
*	name	intaranaisanal	intl
*	name	hottal	hotel
*	name	invesrrmenr	investment
*	name	vrait	bright
*	name	galaksi	galaxy
*	name	payonir	pioneer
*	name	soliusanaja	solutions
*	name	bildezhs	builders
*	name	redh	red
*	name	bhilagh	black
*	name	dayanemik	dynamic
*	name	payaniyar	pioneer
*	name	nortt	n
*	name	iunibharsal	universal
*	name	dijirral	digital
*	name	saudarna	southern
*	name	provishan	provision
*	name	kanasalatantas	consultants
*	name	gujaratt	gujarat
*	name	innoverriv	innovative
*	name	intyan	indian
*	name	jenral	general
*	name	taik	tech
*	name	ladhjhumi	lakshmi
*	name	yunivezhsal	universal
*	name	kanashtrakasan	construction
*	name	inaphrashtrakachar	infrastructure
*	name	into	indo
*	name	kanasalatin	consulting
*	name	galobal	global
*	name	midia	media
*	name	isatet	state
*	name	prabhishan	provision
*	name	kansalataintas	consultants
*	name	moden	modern
*	name	lottas	lotus
*	name	restarent	restaurant
*	name	kansalatainsi	consultancy
*	name	kanashtrakasans	constructions
*	name	ilektroniks	electronics
*	name	hardhuver	hardware
*	name	taikanaloji	tech
*	name	kanasalatansi	consultancy
*	name	aintarapraijaija	ent
*	name	suppar	super
*	name	lakasami	lakshmi
*	name	teksatailas	textiles
*	name	modhdhars	motors
*	name	phudaja	foods
*	name	salyusans	solutions
*	name	bijay	vijay
*	name	rial	real
*	name	bhurovishan	provision
*	name	kear	care
*	name	resturenta	restaurant
*	name	hasapitailiti	hospitality
*	name	inaphotaik	infotech
*	name	lajishtiks	logistics
*	name	aikasaporatas	exports
*	name	debhalapars	developers
*	name	elaktraniks	electronics
*	name	inaphrasatrakachar	infrastructure
*	name	sdhil	steel
*	name	suitas	suites
*	name	inabheshtament	investment
*	name	indasatrija	ind
*	name	projektas	projects
*	name	sishtamas	systems
*	name	atomovailas	automobiles
*	name	laujisatikas	logistics
*	name	intaranyasanal	intl
*	name	aigaro	agro
*	name	tiruppati	tirupati
*	name	kansatrakasanaja	constructions
*	name	bekkari	bakery
*	name	medikyalas	medicals
*	name	satt	s
*	name	shtar	star
*	name	impaikas	impex
*	name	medhighghals	medicals
*	name	kansalatinga	consulting
*	name	saphtaweyar	software
*	name	blakk	black
*	name	goladen	golden
*	name	eleghdhranighs	electronics
*	name	divailaparaja	developers
*	name	taikanalojija	tech
*	name	swstik	swastik
*	name	inavaisatamaintas	investments
*	name	provijhan	provision
*	name	sdhors	stores
*	name	sadaran	southern
*	name	projaikatas	projects
*	name	gharmendhs	garments
*	name	saphatavear	software
*	name	proparatija	properties
*	name	hailathakear	healthcare
*	name	biladars	builders
*	name	adhdhomobhails	automobiles
*	name	srrors	stores
*	name	restorent	restaurant
*	name	teksrrails	textiles
*	name	restoranta	restaurant
*	name	sisatamaja	systems
*	name	besht	best
*	name	elektraniks	electronics
*	name	saravisija	svc
*	name	motaras	motors
*	name	marakitinga	marketing
*	name	bheghghari	bakery
*	name	bijanas	business
*	name	prodakatas	products
*	name	medikkals	medicals
*	name	krietibh	creative
*	name	kansatrakasan	construction
*	name	ilekatraniks	electronics
*	name	propartij	properties
*	name	shibam	shivam
*	name	mainejamainta	mgmt
*	name	hardveyar	hardware
*	name	hardaoyayar	hardware
*	name	myanejament	mgmt
*	name	taikasatailaja	textiles
*	name	hardaver	hardware
*	name	savasatik	swastik
*	name	sakati	shakti
*	name	garmenrs	garments
*	name	ottomobails	automobiles
*	name	saivam	shivam
*	name	garmentas	garments
*	name	suparim	supreme
*	name	sakai	sky
*	name	hardaweyar	hardware
*	name	inavaisatamainta	investment
*	name	paraphaikat	perfect
*	name	aditia	aditya
*	name	yunibharsal	universal
*	name	inabheshtamentas	investments
*	name	mottozhs	motors
*	name	vekari	bakery
*	name	isataran	eastern
*	name	gudda	good
*	name	bhijan	vision
*	name	eshtet	estate
*	name	tredezhs	traders
*	name	jvallezhs	jewelers
*	name	balaik	black
*	name	ilaktroniks	electronics
*	name	biladaraja	builders
*	name	tredaraja	traders
*	name	golad	gold
*	name	kalasik	classic
*	name	silavar	silver
*	name	alaphaa	alpha
*	name	ishtarn	eastern
*	name	yunaitid	united
*	name	sanaraija	sunrise
*	name	phasat	fast
*	name	galaikasi	galaxy
*	name	narath	n
*	name	garamaintas	garments
*	name	satar	star
*	name	raidda	red
*	name	saiva	shiva
*	name	saiv	shiv
*	name	yunivarasal	universal
*	name	shtors	stores
*	name	balu	blue
*	name	javailaraja	jewelers
*	name	vijai	vijay
*	name	isht	ist
*	name	shtil	steel
*	name	maidikalaja	medicals
*	name	rail	royal
*	name	baisat	best
*	name	motaraja	motors
*	name	jeneral	general
*	name	painiar	pioneer
*	name	samarat	smart
*	name	goladan	golden
*	name	madaran	modern
*	name	baumbe	bombay
*	name	juelars	jewelers
*	name	sautharn	southern
*	name	laipha	life
*	name	swits	sweets
*	name	probhijan	provision
*	name	satil	steel
*	addr	praivet	pvt
*	addr	dhamizhnadhu	tamilnadu
*	addr	limidhedh	ltd
*	addr	praibhet	pvt
*	addr	hariyana	haryana
*	addr	bhiraivedh	pvt
*	addr	keralan	kerala
*	addr	elaelapi	llp
*	addr	limirrad	ltd
*	addr	tek	tech
*	addr	phuds	foods
*	addr	kanstrakshans	constructions
*	addr	intaraneshanal	intl
*	addr	aiti	it
*	addr	pradesha	pradesh
*	addr	enarji	energy
*	addr	impeks	impex
*	addr	phud	food
*	addr	phaundeshan	foundation
*	addr	prodyusar	producer
*	addr	estet	estate
*	addr	pavar	power
*	addr	panjab	punjab
*	addr	kanstrakshan	construction
*	addr	bildars	builders
*	addr	odaisha	odisha
*	addr	prodakts	products
*	addr	tredinga	trading
*	addr	devalapars	developers
*	addr	midiya	media
*	addr	sistams	systems
*	addr	venchars	ventures
*	addr	al	all
*	addr	indastrij	ind
*	addr	entarapraijej	ent
*	addr	kansaltents	consultants
*	addr	kansaltensi	consultancy
*	addr	saolyushans	solutions
*	addr	teknolaojij	tech
*	addr	injiniyaringa	engg
*	addr	investaments	investments
*	addr	keyar	care
*	addr	projekts	projects
*	addr	marketinga	marketing
*	addr	eksaports	exports
*	addr	kansaltinga	consulting
*	addr	imphra	infra
*	addr	imphrastrakchar	infrastructure
*	addr	egro	agro
*	addr	investamenta	investment
*	addr	imphotek	infotech
*	addr	phainens	finance
*	addr	sarvisej	svc
*	addr	elelpi	llp
*	addr	helthakeyar	healthcare
*	addr	hai	high
*	addr	haospitailiti	hospitality
*	addr	bijanes	business
*	addr	mainejamenta	mgmt
*	addr	tirupati	tirupathi
*	addr	saophtaveyar	software
*	addr	gujarata	gujarat
*	addr	laojistiks	logistics
*	addr	grin	green
*	addr	lotas	lotus
*	addr	teknolaoji	tech
*	addr	laiph	life
*	addr	siti	city
*	addr	praopartij	properties
*	addr	san	sun
*	addr	supar	super
*	addr	svastik	swastik
*	addr	nyu	new
*	addr	hotal	hotel
*	addr	klasik	classic
*	addr	riyal	real
*	addr	drim	dream
*	addr	dijital	digital
*	addr	blu	blue
*	addr	suprim	supreme
*	addr	phyuchar	future
*	addr	skai	sky
*	addr	gret	great
*	addr	haitek	hitech
*	addr	limatid	ltd
*	addr	arban	urban
*	addr	gud	good
*	addr	brait	bright
*	addr	yunivarsal	universal
*	addr	indiyan	indian
*	addr	praim	prime
*	addr	yunaited	united
*	addr	silvar	silver
*	addr	sauth	s
*	addr	inovetiv	innovative
*	addr	yunik	unique
*	addr	epeks	apex
*	addr	golda	gold
*	addr	esaes	ss
*	addr	ista	e
*	addr	smarta	smart
*	addr	goldan	golden
*	addr	dayanamik	dynamic
*	addr	istarna	eastern
*	addr	paraphekta	perfect
*	addr	payoniyar	pioneer
*	addr	vijan	vision
*	addr	ola	all
*	addr	sanaraij	sunrise
*	addr	besta	best
*	addr	krietiv	creative
*	addr	baombe	bombay
*	addr	may	my
*	addr	sadarna	southern
*	addr	rajasthana	rajasthan
*	addr	blaik	black
*	addr	phaorchyun	fortune
*	addr	vhait	white
*	addr	gaileksi	galaxy
*	addr	maodarna	modern
*	addr	solyushans	solutions
*	addr	naortha	n
*	addr	raoyal	royal
*	addr	indastris	ind
*	addr	inphra	infra
*	addr	inphrastrakchar	infrastructure
*	addr	phainans	finance
*	addr	inphotek	infotech
*	addr	ker	care
*	addr	mai	my
*	addr	treding	trading
*	addr	stors	stores
*	addr	bihara	bihar
*	addr	agro	agri
*	addr	svits	sweets
*	addr	tredars	traders
*	addr	teknalajis	tech
*	addr	bekari	bakery
*	addr	elelbhi	llp
*	addr	hotel	hotels
*	addr	eksports	exports
*	addr	motars	motors
*	addr	medikals	medicals
*	addr	teknalaji	tech
*	addr	stil	steel
*	addr	prajekts	projects
*	addr	provijan	provision
*	addr	haspitaliti	hospitality
*	addr	lajistiks	logistics
*	addr	panjaba	punjab
*	addr	saphtver	software
*	addr	kansalting	consulting
*	addr	jvelars	jewelers
*	addr	teksatails	textiles
*	addr	garaments	garments
*	addr	eses	ss
*	addr	prapartis	properties
*	addr	restorenta	restaurant
*	addr	sarvisas	svc
*	addr	hardaveyar	hardware
*	addr	heltker	healthcare
*	addr	intarneshanal	intl
*	addr	dainamik	dynamic
*	addr	otomobails	automobiles
*	addr	ilektraoniks	electronics
*	addr	intarnyashanal	intl
*	addr	rayal	royal
*	addr	sadarn	southern
*	addr	shivan	shivam
*	addr	indharneshanl	intl
*	addr	dhegh	tech
*	addr	injiniyaring	engg
*	addr	bambe	bombay
*	addr	vait	white
*	addr	ghulobhal	global
*	addr	vishan	vision
*	addr	teknolojis	tech
*	addr	saliushanas	solutions
*	addr	pharchun	fortune
*	addr	sayi	sai
*	addr	saut	s
*	addr	menejment	mgmt
*	addr	parphekt	perfect
*	addr	ghansdhrakshans	constructions
*	addr	entarapraijes	ent
*	addr	intaranyashanal	intl
*	addr	entarpraisas	ent
*	addr	helthaker	healthcare
*	addr	kriyetiv	creative
*	addr	kanastrakashanas	constructions
*	addr	tredin	trading
*	addr	indhasdhris	ind
*	addr	infrasdhraghjhar	infrastructure
*	addr	fudhs	foods
*	addr	hasbhidhalidhdhi	hospitality
*	addr	nart	n
*	addr	sistemas	systems
*	addr	endharbhiraijhas	ent
*	addr	injaniring	engg
*	addr	gyalaksi	galaxy
*	addr	bhildhars	builders
*	addr	inaphra	infra
*	addr	gloval	global
*	addr	bijines	business
*	addr	kanasalatyantas	consultants
*	addr	phast	fast
*	addr	vildars	builders
*	addr	entarapraijhis	ent
*	addr	inaphotek	infotech
*	addr	entarpraijes	ent
*	addr	tekanolajis	tech
*	addr	eghsbhordhs	exports
*	addr	eksaportas	exports
*	addr	infodhegh	infotech
*	addr	phudas	foods
*	addr	ghanjhaldhanjhi	consultancy
*	addr	myanejment	mgmt
*	addr	esdhedh	estate
*	addr	sarbhises	svc
*	addr	sanrais	sunrise
*	addr	bhijhins	business
*	addr	sarvises	svc
*	addr	midhiya	media
*	addr	jharvijhas	svc
*	addr	vijanes	business
*	addr	menejmendh	mgmt
*	addr	jholyushans	solutions
*	addr	aghro	agro
*	addr	dheghnalajis	tech
*	addr	indastrijh	ind
*	addr	jhafdhver	software
*	addr	bisines	business
*	addr	apeks	apex
*	addr	heldhgher	healthcare
*	addr	bhurabhbhardhdhis	properties
*	addr	kansaltants	consultants
*	addr	bhurodhyujhar	producer
*	addr	ghanjhaldhandhs	consultants
*	addr	marketin	marketing
*	addr	prajektas	projects
*	addr	istarn	eastern
*	addr	marghghedhdhin	marketing
*	addr	paoyaar	power
*	addr	imbheghs	impex
*	addr	menejamenta	mgmt
*	addr	venjhjhars	ventures
*	addr	bijhanes	business
*	addr	lajistikas	logistics
*	addr	ghanjhaldhin	consulting
*	addr	bhavar	power
*	addr	saphataoyayar	software
*	addr	teknoloji	tech
*	addr	inabhestamentas	investments
*	addr	fainans	finance
*	addr	invesdhmendh	investment
*	addr	lojistiks	logistics
*	addr	inaphrastrakachar	infrastructure
*	addr	madarn	modern
*	addr	inrarnashanal	intl
*	addr	ayagro	agro
*	addr	kanasalatensi	consultancy
*	addr	hasapitaliti	hospitality
*	addr	propartijh	properties
*	addr	injiniyaarin	engg
*	addr	ol	all
*	addr	myanejamenta	mgmt
*	addr	shyan	shyam
*	addr	debhelaparas	developers
*	addr	kanasaltin	consulting
*	addr	helathakeyaar	healthcare
*	addr	kanastrakashan	construction
*	addr	prodaktas	products
*	addr	modarn	modern
*	addr	dhevalabhbhars	developers
*	addr	midiyaa	media
*	addr	gher	care
*	addr	enrarpraisas	ent
*	addr	invesdhmendhs	investments
*	addr	enjiniyaringa	engg
*	addr	hospitaliti	hospitality
*	addr	sarvisis	svc
*	addr	bhurajeghdhs	projects
*	addr	inabhestamenta	investment
*	addr	hodhdhal	hotel
*	addr	keyaar	care
*	addr	bhuradhaghdhs	products
*	addr	ghansdhrakshan	construction
*	addr	lajisdhighs	logistics
*	addr	prapartij	properties
*	addr	bhigh	big
*	addr	sophtaver	software
*	addr	fiyujhjhar	future
*	addr	kansaltansi	consultancy
*	addr	dhirubhbhadhi	tirupati
*	addr	gelaksi	galaxy
*	addr	favundheshan	foundation
*	addr	fudh	foot
*	addr	blak	black
*	addr	yunigh	unique
*	addr	bombe	bombay
*	addr	garments	garment
*	addr	ayapeks	apex
*	addr	tekanolaji	tech
*	addr	invesrrmenrs	investments
*	addr	markkaring	marketing
*	addr	helttkeyar	healthcare
*	addr	payanir	pioneer
*	addr	enjiniyaring	engg
*	addr	northa	n
*	addr	jhan	sun
*	addr	atomobails	automobiles
*	addr	bhayaniyar	pioneer
*	addr	sghai	sky
*	addr	gholdhu	gold
*	addr	voyidh	white
*	addr	smardh	smart
*	addr	isdharn	eastern
*	addr	valaji	balaji
*	addr	ghelaghsi	galaxy
*	addr	sadharna	southern
*	addr	ailaailapi	llp
*	addr	inobhetibh	innovative
*	addr	jhiva	shiva
*	addr	propparttis	properties
*	addr	lodhdhas	lotus
*	addr	silabhar	silver
*	addr	jhadharn	saturn
*	addr	kriyaetibh	creative
*	addr	sanraij	sunrise
*	addr	kansalttanrs	consultants
*	addr	indho	indo
*	addr	bhulu	blue
*	addr	ghudh	good
*	addr	nardh	n
*	addr	teknolajis	tech
*	addr	vesta	best
*	addr	jhilvar	silver
*	addr	ghilajhigh	classic
*	addr	vlu	blue
*	addr	bhishan	vision
*	addr	jhiv	shiv
*	addr	bisinas	business
*	addr	nartha	n
*	addr	vijhan	vision
*	addr	payaoniyaar	pioneer
*	addr	ghiredh	great
*	addr	arihandh	arihant
*	addr	ghuru	guru
*	addr	madharn	modern
*	addr	jhanrais	sunrise
*	addr	vava	baba
*	addr	bhesdh	best
*	addr	projakts	projects
*	addr	skay	sky
*	addr	phanteshan	foundation
*	addr	rayayal	royal
*	addr	ghirushna	krishna
*	addr	svasdhigh	swastik
*	addr	anndh	anand
*	addr	hospirraliri	hospitality
*	addr	kansaltting	consulting
*	addr	vomve	bombay
*	addr	jhubhbhar	super
*	addr	iunaited	united
*	addr	bhalaji	balaji
*	addr	innovetiv	innovative
*	addr	madarna	modern
*	addr	modarna	modern
*	addr	yunivarjhal	universal
*	addr	manejmenr	mgmt
*	addr	indhiyan	indian
*	addr	devalappezhs	developers
*	addr	bharfeghdh	perfect
*	addr	adhidhya	adithya
*	addr	geleksi	galaxy
*	addr	haidhegh	hitech
*	addr	ghujaradh	gujarat
*	addr	abheghs	apex
*	addr	riyael	real
*	addr	jyuvelars	jewelers
*	addr	hardver	hardware
*	addr	vlyak	black
*	addr	ghiriyedhdhiv	creative
*	addr	esrrerr	estate
*	addr	laif	life
*	addr	alfa	alpha
*	addr	bhambhay	bombay
*	addr	ghirin	green
*	addr	sdhar	star
*	addr	innovedhdhiv	innovative
*	addr	sanaraijh	sunrise
*	addr	kansalttansi	consultancy
*	addr	indiyaan	indian
*	addr	alapha	alpha
*	addr	phaundesan	foundation
*	addr	jhurya	surya
*	addr	lojisriks	logistics
*	addr	blek	black
*	addr	blyak	black
*	addr	gholdhan	golden
*	addr	dhainmigh	dynamic
*	addr	smartt	smart
*	addr	tekstails	textiles
*	addr	yunaidhedh	united
*	addr	intaranaisanal	intl
*	addr	hottal	hotel
*	addr	invesrrmenr	investment
*	addr	vrait	bright
*	addr	galaksi	galaxy
*	addr	payonir	pioneer
*	addr	soliusanaja	solutions
*	addr	bildezhs	builders
*	addr	redh	red
*	addr	bhilagh	black
*	addr	dayanemik	dynamic
*	addr	payaniyar	pioneer
*	addr	nortt	n
*	addr	iunibharsal	universal
*	addr	dijirral	digital
*	addr	saudarna	southern
*	addr	provishan	provision
*	addr	kanasalatantas	consultants
*	addr	gujaratt	gujarat
*	addr	innoverriv	innovative
*	addr	intyan	indian
*	addr	jenral	general
*	addr	taik	tech
*	addr	ladhjhumi	lakshmi
*	addr	yunivezhsal	universal
*	addr	kanashtrakasan	construction
*	addr	inaphrashtrakachar	infrastructure
*	addr	into	indo
*	addr	kanasalatin	consulting
*	addr	galobal	global
*	addr	midia	media
*	addr	isatet	state
*	addr	prabhishan	provision
*	addr	kansalataintas	consultants
*	addr	moden	modern
*	addr	lottas	lotus
*	addr	restarent	restaurant
*	addr	kansalatainsi	consultancy
*	addr	kanashtrakasans	constructions
*	addr	ilektroniks	electronics
*	addr	hardhuver	hardware
*	addr	taikanaloji	tech
*	addr	kanasalatansi	consultancy
*	addr	aintarapraijaija	ent
*	addr	suppar	super
*	addr	lakasami	lakshmi
*	addr	teksatailas	textiles
*	addr	modhdhars	motors
*	addr	phudaja	foods
*	addr	salyusans	solutions
*	addr	bijay	vijay
*	addr	rial	real
*	addr	bhurovishan	provision
*	addr	kear	care
*	addr	resturenta	restaurant
*	addr	hasapitailiti	hospitality
*	addr	inaphotaik	infotech
*	addr	lajishtiks	logistics
*	addr	aikasaporatas	exports
*	addr	debhalapars	developers
*	addr	elaktraniks	electronics
*	addr	inaphrasatrakachar	infrastructure
*	addr	sdhil	steel
*	addr	suitas	suites
*	addr	inabheshtament	investment
*	addr	indasatrija	ind
*	addr	projektas	projects
*	addr	sishtamas	systems
*	addr	atomovailas	automobiles
*	addr	laujisatikas	logistics
*	addr	intaranyasanal	intl
*	addr	aigaro	agro
*	addr	tiruppati	tirupati
*	addr	kansatrakasanaja	constructions
*	addr	bekkari	bakery
*	addr	medikyalas	medicals
*	addr	satt	s
*	addr	shtar	star
*	addr	impaikas	impex
*	addr	medhighghals	medicals
*	addr	kansalatinga	consulting
*	addr	saphtaweyar	software
*	addr	blakk	black
*	addr	goladen	golden
*	addr	eleghdhranighs	electronics
*	addr	divailaparaja	developers
*	addr	taikanalojija	tech
*	addr	swstik	swastik
*	addr	inavaisatamaintas	investments
*	addr	provijhan	provision
*	addr	sdhors	stores
*	addr	sadaran	southern
*	addr	projaikatas	projects
*	addr	gharmendhs	garments
*	addr	saphatavear	software
*	addr	proparatija	properties
*	addr	hailathakear	healthcare
*	addr	biladars	builders
*	addr	adhdhomobhails	automobiles
*	addr	srrors	stores
*	addr	restorent	restaurant
*	addr	teksrrails	textiles
*	addr	restoranta	restaurant
*	addr	sisatamaja	systems
*	addr	besht	best
*	addr	elektraniks	electronics
*	addr	saravisija	svc
*	addr	motaras	motors
*	addr	marakitinga	marketing
*	addr	bheghghari	bakery
*	addr	bijanas	business
*	addr	prodakatas	products
*	addr	medikkals	medicals
*	addr	krietibh	creative
*	addr	kansatrakasan	construction
*	addr	ilekatraniks	electronics
*	addr	propartij	properties
*	addr	shibam	shivam
*	addr	mainejamainta	mgmt
*	addr	hardveyar	hardware
*	addr	hardaoyayar	hardware
*	addr	myanejament	mgmt
*	addr	taikasatailaja	textiles
*	addr	hardaver	hardware
*	addr	savasatik	swastik
*	addr	sakati	shakti
*	addr	garmenrs	garments
*	addr	ottomobails	automobiles
*	addr	saivam	shivam
*	addr	garmentas	garments
*	addr	suparim	supreme
*	addr	sakai	sky
*	addr	hardaweyar	hardware
*	addr	inavaisatamainta	investment
*	addr	paraphaikat	perfect
*	addr	aditia	aditya
*	addr	yunibharsal	universal
*	addr	inabheshtamentas	investments
*	addr	mottozhs	motors
*	addr	vekari	bakery
*	addr	isataran	eastern
*	addr	gudda	good
*	addr	bhijan	vision
*	addr	eshtet	estate
*	addr	tredezhs	traders
*	addr	jvallezhs	jewelers
*	addr	balaik	black
*	addr	ilaktroniks	electronics
*	addr	biladaraja	builders
*	addr	tredaraja	traders
*	addr	golad	gold
*	addr	kalasik	classic
*	addr	silavar	silver
*	addr	alaphaa	alpha
*	addr	ishtarn	eastern
*	addr	yunaitid	united
*	addr	sanaraija	sunrise
*	addr	phasat	fast
*	addr	galaikasi	galaxy
*	addr	narath	n
*	addr	garamaintas	garments
*	addr	satar	star
*	addr	raidda	red
*	addr	saiva	shiva
*	addr	saiv	shiv
*	addr	yunivarasal	universal
*	addr	shtors	stores
*	addr	balu	blue
*	addr	javailaraja	jewelers
*	addr	vijai	vijay
*	addr	isht	ist
*	addr	shtil	steel
*	addr	maidikalaja	medicals
*	addr	rail	royal
*	addr	baisat	best
*	addr	motaraja	motors
*	addr	jeneral	general
*	addr	painiar	pioneer
*	addr	samarat	smart
*	addr	goladan	golden
*	addr	madaran	modern
*	addr	baumbe	bombay
*	addr	juelars	jewelers
*	addr	sautharn	southern
*	addr	laipha	life
*	addr	swits	sweets
*	addr	probhijan	provision
*	addr	satil	steel
FRANCE	name	praivet	pvt
FRANCE	name	dhamizhnadhu	tamilnadu
FRANCE	name	limidhedh	ltd
FRANCE	name	praibhet	pvt
FRANCE	name	hariyana	haryana
FRANCE	name	bhiraivedh	pvt
FRANCE	name	keralan	kerala
FRANCE	name	elaelapi	llp
FRANCE	name	limirrad	ltd
FRANCE	name	tek	tech
FRANCE	name	phuds	foods
FRANCE	name	kanstrakshans	constructions
FRANCE	name	intaraneshanal	intl
FRANCE	name	aiti	it
FRANCE	name	pradesha	pradesh
FRANCE	name	enarji	energy
FRANCE	name	impeks	impex
FRANCE	name	phud	food
FRANCE	name	phaundeshan	foundation
FRANCE	name	prodyusar	producer
FRANCE	name	estet	estate
FRANCE	name	pavar	power
FRANCE	name	panjab	punjab
FRANCE	name	kanstrakshan	construction
FRANCE	name	bildars	builders
FRANCE	name	odaisha	odisha
FRANCE	name	prodakts	products
FRANCE	name	tredinga	trading
FRANCE	name	devalapars	developers
FRANCE	name	midiya	media
FRANCE	name	sistams	systems
FRANCE	name	venchars	ventures
FRANCE	name	al	all
FRANCE	name	indastrij	ind
FRANCE	name	entarapraijej	ent
FRANCE	name	kansaltents	consultants
FRANCE	name	kansaltensi	consultancy
FRANCE	name	saolyushans	solutions
FRANCE	name	teknolaojij	tech
FRANCE	name	injiniyaringa	engg
FRANCE	name	investaments	investments
FRANCE	name	keyar	care
FRANCE	name	projekts	projects
FRANCE	name	marketinga	marketing
FRANCE	name	eksaports	exports
FRANCE	name	kansaltinga	consulting
FRANCE	name	imphra	infra
FRANCE	name	imphrastrakchar	infrastructure
FRANCE	name	egro	agro
FRANCE	name	investamenta	investment
FRANCE	name	imphotek	infotech
FRANCE	name	phainens	finance
FRANCE	name	sarvisej	svc
FRANCE	name	elelpi	llp
FRANCE	name	helthakeyar	healthcare
FRANCE	name	hai	high
FRANCE	name	haospitailiti	hospitality
FRANCE	name	bijanes	business
FRANCE	name	mainejamenta	mgmt
FRANCE	name	tirupati	tirupathi
FRANCE	name	saophtaveyar	software
FRANCE	name	gujarata	gujarat
FRANCE	name	laojistiks	logistics
FRANCE	name	grin	green
FRANCE	name	lotas	lotus
FRANCE	name	teknolaoji	tech
FRANCE	name	laiph	life
FRANCE	name	siti	city
FRANCE	name	praopartij	properties
FRANCE	name	san	sun
FRANCE	name	supar	super
FRANCE	name	svastik	swastik
FRANCE	name	nyu	new
FRANCE	name	hotal	hotel
FRANCE	name	klasik	classic
FRANCE	name	riyal	real
FRANCE	name	drim	dream
FRANCE	name	dijital	digital
FRANCE	name	blu	blue
FRANCE	name	suprim	supreme
FRANCE	name	phyuchar	future
FRANCE	name	skai	sky
FRANCE	name	gret	great
FRANCE	name	haitek	hitech
FRANCE	name	limatid	ltd
FRANCE	name	arban	urban
FRANCE	name	gud	good
FRANCE	name	brait	bright
FRANCE	name	yunivarsal	universal
FRANCE	name	indiyan	indian
FRANCE	name	praim	prime
FRANCE	name	yunaited	united
FRANCE	name	silvar	silver
FRANCE	name	sauth	s
FRANCE	name	inovetiv	innovative
FRANCE	name	yunik	unique
FRANCE	name	epeks	apex
FRANCE	name	golda	gold
FRANCE	name	esaes	ss
FRANCE	name	ista	e
FRANCE	name	smarta	smart
FRANCE	name	goldan	golden
FRANCE	name	dayanamik	dynamic
FRANCE	name	istarna	eastern
FRANCE	name	paraphekta	perfect
FRANCE	name	payoniyar	pioneer
FRANCE	name	vijan	vision
FRANCE	name	ola	all
FRANCE	name	sanaraij	sunrise
FRANCE	name	besta	best
FRANCE	name	krietiv	creative
FRANCE	name	baombe	bombay
FRANCE	name	may	my
FRANCE	name	sadarna	southern
FRANCE	name	rajasthana	rajasthan
FRANCE	name	blaik	black
FRANCE	name	phaorchyun	fortune
FRANCE	name	vhait	white
FRANCE	name	gaileksi	galaxy
FRANCE	name	maodarna	modern
FRANCE	name	solyushans	solutions
FRANCE	name	naortha	n
FRANCE	name	raoyal	royal
FRANCE	name	indastris	ind
FRANCE	name	inphra	infra
FRANCE	name	inphrastrakchar	infrastructure
FRANCE	name	phainans	finance
FRANCE	name	inphotek	infotech
FRANCE	name	ker	care
FRANCE	name	mai	my
FRANCE	name	treding	trading
FRANCE	name	stors	stores
FRANCE	name	bihara	bihar
FRANCE	name	agro	agri
FRANCE	name	svits	sweets
FRANCE	name	tredars	traders
FRANCE	name	teknalajis	tech
FRANCE	name	bekari	bakery
FRANCE	name	elelbhi	llp
FRANCE	name	hotel	hotels
FRANCE	name	eksports	exports
FRANCE	name	motars	motors
FRANCE	name	medikals	medicals
FRANCE	name	teknalaji	tech
FRANCE	name	stil	steel
FRANCE	name	prajekts	projects
FRANCE	name	provijan	provision
FRANCE	name	haspitaliti	hospitality
FRANCE	name	lajistiks	logistics
FRANCE	name	panjaba	punjab
FRANCE	name	saphtver	software
FRANCE	name	kansalting	consulting
FRANCE	name	jvelars	jewelers
FRANCE	name	teksatails	textiles
FRANCE	name	garaments	garments
FRANCE	name	eses	ss
FRANCE	name	prapartis	properties
FRANCE	name	restorenta	restaurant
FRANCE	name	sarvisas	svc
FRANCE	name	hardaveyar	hardware
FRANCE	name	heltker	healthcare
FRANCE	name	intarneshanal	intl
FRANCE	name	dainamik	dynamic
FRANCE	name	otomobails	automobiles
FRANCE	name	ilektraoniks	electronics
FRANCE	name	intarnyashanal	intl
FRANCE	name	rayal	royal
FRANCE	name	sadarn	southern
FRANCE	name	shivan	shivam
FRANCE	name	indharneshanl	intl
FRANCE	name	dhegh	tech
FRANCE	name	injiniyaring	engg
FRANCE	name	bambe	bombay
FRANCE	name	vait	white
FRANCE	name	ghulobhal	global
FRANCE	name	vishan	vision
FRANCE	name	teknolojis	tech
FRANCE	name	saliushanas	solutions
FRANCE	name	pharchun	fortune
FRANCE	name	sayi	sai
FRANCE	name	saut	s
FRANCE	name	menejment	mgmt
FRANCE	name	parphekt	perfect
FRANCE	name	ghansdhrakshans	constructions
FRANCE	name	entarapraijes	ent
FRANCE	name	intaranyashanal	intl
FRANCE	name	entarpraisas	ent
FRANCE	name	helthaker	healthcare
FRANCE	name	kriyetiv	creative
FRANCE	name	kanastrakashanas	constructions
FRANCE	name	tredin	trading
FRANCE	name	indhasdhris	ind
FRANCE	name	infrasdhraghjhar	infrastructure
FRANCE	name	fudhs	foods
FRANCE	name	hasbhidhalidhdhi	hospitality
FRANCE	name	nart	n
FRANCE	name	sistemas	systems
FRANCE	name	endharbhiraijhas	ent
FRANCE	name	injaniring	engg
FRANCE	name	gyalaksi	galaxy
FRANCE	name	bhildhars	builders
FRANCE	name	inaphra	infra
FRANCE	name	gloval	global
FRANCE	name	bijines	business
FRANCE	name	kanasalatyantas	consultants
FRANCE	name	phast	fast
FRANCE	name	vildars	builders
FRANCE	name	entarapraijhis	ent
FRANCE	name	inaphotek	infotech
FRANCE	name	entarpraijes	ent
FRANCE	name	tekanolajis	tech
FRANCE	name	eghsbhordhs	exports
FRANCE	name	eksaportas	exports
FRANCE	name	infodhegh	infotech
FRANCE	name	phudas	foods
FRANCE	name	ghanjhaldhanjhi	consultancy
FRANCE	name	myanejment	mgmt
FRANCE	name	esdhedh	estate
FRANCE	name	sarbhises	svc
FRANCE	name	sanrais	sunrise
FRANCE	name	bhijhins	business
FRANCE	name	sarvises	svc
FRANCE	name	midhiya	media
FRANCE	name	jharvijhas	svc
FRANCE	name	vijanes	business
FRANCE	name	menejmendh	mgmt
FRANCE	name	jholyushans	solutions
FRANCE	name	aghro	agro
FRANCE	name	dheghnalajis	tech
FRANCE	name	indastrijh	ind
FRANCE	name	jhafdhver	software
FRANCE	name	bisines	business
FRANCE	name	apeks	apex
FRANCE	name	heldhgher	healthcare
FRANCE	name	bhurabhbhardhdhis	properties
FRANCE	name	kansaltants	consultants
FRANCE	name	bhurodhyujhar	producer
FRANCE	name	ghanjhaldhandhs	consultants
FRANCE	name	marketin	marketing
FRANCE	name	prajektas	projects
FRANCE	name	istarn	eastern
FRANCE	name	marghghedhdhin	marketing
FRANCE	name	paoyaar	power
FRANCE	name	imbheghs	impex
FRANCE	name	menejamenta	mgmt
FRANCE	name	venjhjhars	ventures
FRANCE	name	bijhanes	business
FRANCE	name	lajistikas	logistics
FRANCE	name	ghanjhaldhin	consulting
FRANCE	name	bhavar	power
FRANCE	name	saphataoyayar	software
FRANCE	name	teknoloji	tech
FRANCE	name	inabhestamentas	investments
FRANCE	name	fainans	finance
FRANCE	name	invesdhmendh	investment
FRANCE	name	lojistiks	logistics
FRANCE	name	inaphrastrakachar	infrastructure
FRANCE	name	madarn	modern
FRANCE	name	inrarnashanal	intl
FRANCE	name	ayagro	agro
FRANCE	name	kanasalatensi	consultancy
FRANCE	name	hasapitaliti	hospitality
FRANCE	name	propartijh	properties
FRANCE	name	injiniyaarin	engg
FRANCE	name	ol	all
FRANCE	name	myanejamenta	mgmt
FRANCE	name	shyan	shyam
FRANCE	name	debhelaparas	developers
FRANCE	name	kanasaltin	consulting
FRANCE	name	helathakeyaar	healthcare
FRANCE	name	kanastrakashan	construction
FRANCE	name	prodaktas	products
FRANCE	name	modarn	modern
FRANCE	name	dhevalabhbhars	developers
FRANCE	name	midiyaa	media
FRANCE	name	gher	care
FRANCE	name	enrarpraisas	ent
FRANCE	name	invesdhmendhs	investments
FRANCE	name	enjiniyaringa	engg
FRANCE	name	hospitaliti	hospitality
FRANCE	name	sarvisis	svc
FRANCE	name	bhurajeghdhs	projects
FRANCE	name	inabhestamenta	investment
FRANCE	name	hodhdhal	hotel
FRANCE	name	keyaar	care
FRANCE	name	bhuradhaghdhs	products
FRANCE	name	ghansdhrakshan	construction
FRANCE	name	lajisdhighs	logistics
FRANCE	name	prapartij	properties
FRANCE	name	bhigh	big
FRANCE	name	sophtaver	software
FRANCE	name	fiyujhjhar	future
FRANCE	name	kansaltansi	consultancy
FRANCE	name	dhirubhbhadhi	tirupati
FRANCE	name	gelaksi	galaxy
FRANCE	name	favundheshan	foundation
FRANCE	name	fudh	foot
FRANCE	name	blak	black
FRANCE	name	yunigh	unique
FRANCE	name	bombe	bombay
FRANCE	name	garments	garment
FRANCE	name	ayapeks	apex
FRANCE	name	tekanolaji	tech
FRANCE	name	invesrrmenrs	investments
FRANCE	name	markkaring	marketing
FRANCE	name	helttkeyar	healthcare
FRANCE	name	payanir	pioneer
FRANCE	name	enjiniyaring	engg
FRANCE	name	northa	n
FRANCE	name	jhan	sun
FRANCE	name	atomobails	automobiles
FRANCE	name	bhayaniyar	pioneer
FRANCE	name	sghai	sky
FRANCE	name	gholdhu	gold
FRANCE	name	voyidh	white
FRANCE	name	smardh	smart
FRANCE	name	isdharn	eastern
FRANCE	name	valaji	balaji
FRANCE	name	ghelaghsi	galaxy
FRANCE	name	sadharna	southern
FRANCE	name	ailaailapi	llp
FRANCE	name	inobhetibh	innovative
FRANCE	name	jhiva	shiva
FRANCE	name	propparttis	properties
FRANCE	name	lodhdhas	lotus
FRANCE	name	silabhar	silver
FRANCE	name	jhadharn	saturn
FRANCE	name	kriyaetibh	creative
FRANCE	name	sanraij	sunrise
FRANCE	name	kansalttanrs	consultants
FRANCE	name	indho	indo
FRANCE	name	bhulu	blue
FRANCE	name	ghudh	good
FRANCE	name	nardh	n
FRANCE	name	teknolajis	tech
FRANCE	name	vesta	best
FRANCE	name	jhilvar	silver
FRANCE	name	ghilajhigh	classic
FRANCE	name	vlu	blue
FRANCE	name	bhishan	vision
FRANCE	name	jhiv	shiv
FRANCE	name	bisinas	business
FRANCE	name	nartha	n
FRANCE	name	vijhan	vision
FRANCE	name	payaoniyaar	pioneer
FRANCE	name	ghiredh	great
FRANCE	name	arihandh	arihant
FRANCE	name	ghuru	guru
FRANCE	name	madharn	modern
FRANCE	name	jhanrais	sunrise
FRANCE	name	vava	baba
FRANCE	name	bhesdh	best
FRANCE	name	projakts	projects
FRANCE	name	skay	sky
FRANCE	name	phanteshan	foundation
FRANCE	name	rayayal	royal
FRANCE	name	ghirushna	krishna
FRANCE	name	svasdhigh	swastik
FRANCE	name	anndh	anand
FRANCE	name	hospirraliri	hospitality
FRANCE	name	kansaltting	consulting
FRANCE	name	vomve	bombay
FRANCE	name	jhubhbhar	super
FRANCE	name	iunaited	united
FRANCE	name	bhalaji	balaji
FRANCE	name	innovetiv	innovative
FRANCE	name	madarna	modern
FRANCE	name	modarna	modern
FRANCE	name	yunivarjhal	universal
FRANCE	name	manejmenr	mgmt
FRANCE	name	indhiyan	indian
FRANCE	name	devalappezhs	developers
FRANCE	name	bharfeghdh	perfect
FRANCE	name	adhidhya	adithya
FRANCE	name	geleksi	galaxy
FRANCE	name	haidhegh	hitech
FRANCE	name	ghujaradh	gujarat
FRANCE	name	abheghs	apex
FRANCE	name	riyael	real
FRANCE	name	jyuvelars	jewelers
FRANCE	name	hardver	hardware
FRANCE	name	vlyak	black
FRANCE	name	ghiriyedhdhiv	creative
FRANCE	name	esrrerr	estate
FRANCE	name	laif	life
FRANCE	name	alfa	alpha
FRANCE	name	bhambhay	bombay
FRANCE	name	ghirin	green
FRANCE	name	sdhar	star
FRANCE	name	innovedhdhiv	innovative
FRANCE	name	sanaraijh	sunrise
FRANCE	name	kansalttansi	consultancy
FRANCE	name	indiyaan	indian
FRANCE	name	alapha	alpha
FRANCE	name	phaundesan	foundation
FRANCE	name	jhurya	surya
FRANCE	name	lojisriks	logistics
FRANCE	name	blek	black
FRANCE	name	blyak	black
FRANCE	name	gholdhan	golden
FRANCE	name	dhainmigh	dynamic
FRANCE	name	smartt	smart
FRANCE	name	tekstails	textiles
FRANCE	name	yunaidhedh	united
FRANCE	name	intaranaisanal	intl
FRANCE	name	hottal	hotel
FRANCE	name	invesrrmenr	investment
FRANCE	name	vrait	bright
FRANCE	name	galaksi	galaxy
FRANCE	name	payonir	pioneer
FRANCE	name	soliusanaja	solutions
FRANCE	name	bildezhs	builders
FRANCE	name	redh	red
FRANCE	name	bhilagh	black
FRANCE	name	dayanemik	dynamic
FRANCE	name	payaniyar	pioneer
FRANCE	name	nortt	n
FRANCE	name	iunibharsal	universal
FRANCE	name	dijirral	digital
FRANCE	name	saudarna	southern
FRANCE	name	provishan	provision
FRANCE	name	kanasalatantas	consultants
FRANCE	name	gujaratt	gujarat
FRANCE	name	innoverriv	innovative
FRANCE	name	intyan	indian
FRANCE	name	jenral	general
FRANCE	name	taik	tech
FRANCE	name	ladhjhumi	lakshmi
FRANCE	name	yunivezhsal	universal
FRANCE	name	kanashtrakasan	construction
FRANCE	name	inaphrashtrakachar	infrastructure
FRANCE	name	into	indo
FRANCE	name	kanasalatin	consulting
FRANCE	name	galobal	global
FRANCE	name	midia	media
FRANCE	name	isatet	state
FRANCE	name	prabhishan	provision
FRANCE	name	kansalataintas	consultants
FRANCE	name	moden	modern
FRANCE	name	lottas	lotus
FRANCE	name	restarent	restaurant
FRANCE	name	kansalatainsi	consultancy
FRANCE	name	kanashtrakasans	constructions
FRANCE	name	ilektroniks	electronics
FRANCE	name	hardhuver	hardware
FRANCE	name	taikanaloji	tech
FRANCE	name	kanasalatansi	consultancy
FRANCE	name	aintarapraijaija	ent
FRANCE	name	suppar	super
FRANCE	name	lakasami	lakshmi
FRANCE	name	teksatailas	textiles
FRANCE	name	modhdhars	motors
FRANCE	name	phudaja	foods
FRANCE	name	salyusans	solutions
FRANCE	name	bijay	vijay
FRANCE	name	rial	real
FRANCE	name	bhurovishan	provision
FRANCE	name	kear	care
FRANCE	name	resturenta	restaurant
FRANCE	name	hasapitailiti	hospitality
FRANCE	name	inaphotaik	infotech
FRANCE	name	lajishtiks	logistics
FRANCE	name	aikasaporatas	exports
FRANCE	name	debhalapars	developers
FRANCE	name	elaktraniks	electronics
FRANCE	name	inaphrasatrakachar	infrastructure
FRANCE	name	sdhil	steel
FRANCE	name	suitas	suites
FRANCE	name	inabheshtament	investment
FRANCE	name	indasatrija	ind
FRANCE	name	projektas	projects
FRANCE	name	sishtamas	systems
FRANCE	name	atomovailas	automobiles
FRANCE	name	laujisatikas	logistics
FRANCE	name	intaranyasanal	intl
FRANCE	name	aigaro	agro
FRANCE	name	tiruppati	tirupati
FRANCE	name	kansatrakasanaja	constructions
FRANCE	name	bekkari	bakery
FRANCE	name	medikyalas	medicals
FRANCE	name	satt	s
FRANCE	name	shtar	star
FRANCE	name	impaikas	impex
FRANCE	name	medhighghals	medicals
FRANCE	name	kansalatinga	consulting
FRANCE	name	saphtaweyar	software
FRANCE	name	blakk	black
FRANCE	name	goladen	golden
FRANCE	name	eleghdhranighs	electronics
FRANCE	name	divailaparaja	developers
FRANCE	name	taikanalojija	tech
FRANCE	name	swstik	swastik
FRANCE	name	inavaisatamaintas	investments
FRANCE	name	provijhan	provision
FRANCE	name	sdhors	stores
FRANCE	name	sadaran	southern
FRANCE	name	projaikatas	projects
FRANCE	name	gharmendhs	garments
FRANCE	name	saphatavear	software
FRANCE	name	proparatija	properties
FRANCE	name	hailathakear	healthcare
FRANCE	name	biladars	builders
FRANCE	name	adhdhomobhails	automobiles
FRANCE	name	srrors	stores
FRANCE	name	restorent	restaurant
FRANCE	name	teksrrails	textiles
FRANCE	name	restoranta	restaurant
FRANCE	name	sisatamaja	systems
FRANCE	name	besht	best
FRANCE	name	elektraniks	electronics
FRANCE	name	saravisija	svc
FRANCE	name	motaras	motors
FRANCE	name	marakitinga	marketing
FRANCE	name	bheghghari	bakery
FRANCE	name	bijanas	business
FRANCE	name	prodakatas	products
FRANCE	name	medikkals	medicals
FRANCE	name	krietibh	creative
FRANCE	name	kansatrakasan	construction
FRANCE	name	ilekatraniks	electronics
FRANCE	name	propartij	properties
FRANCE	name	shibam	shivam
FRANCE	name	mainejamainta	mgmt
FRANCE	name	hardveyar	hardware
FRANCE	name	hardaoyayar	hardware
FRANCE	name	myanejament	mgmt
FRANCE	name	taikasatailaja	textiles
FRANCE	name	hardaver	hardware
FRANCE	name	savasatik	swastik
FRANCE	name	sakati	shakti
FRANCE	name	garmenrs	garments
FRANCE	name	ottomobails	automobiles
FRANCE	name	saivam	shivam
FRANCE	name	garmentas	garments
FRANCE	name	suparim	supreme
FRANCE	name	sakai	sky
FRANCE	name	hardaweyar	hardware
FRANCE	name	inavaisatamainta	investment
FRANCE	name	paraphaikat	perfect
FRANCE	name	aditia	aditya
FRANCE	name	yunibharsal	universal
FRANCE	name	inabheshtamentas	investments
FRANCE	name	mottozhs	motors
FRANCE	name	vekari	bakery
FRANCE	name	isataran	eastern
FRANCE	name	gudda	good
FRANCE	name	bhijan	vision
FRANCE	name	eshtet	estate
FRANCE	name	tredezhs	traders
FRANCE	name	jvallezhs	jewelers
FRANCE	name	balaik	black
FRANCE	name	ilaktroniks	electronics
FRANCE	name	biladaraja	builders
FRANCE	name	tredaraja	traders
FRANCE	name	golad	gold
FRANCE	name	kalasik	classic
FRANCE	name	silavar	silver
FRANCE	name	alaphaa	alpha
FRANCE	name	ishtarn	eastern
FRANCE	name	yunaitid	united
FRANCE	name	sanaraija	sunrise
FRANCE	name	phasat	fast
FRANCE	name	galaikasi	galaxy
FRANCE	name	narath	n
FRANCE	name	garamaintas	garments
FRANCE	name	satar	star
FRANCE	name	raidda	red
FRANCE	name	saiva	shiva
FRANCE	name	saiv	shiv
FRANCE	name	yunivarasal	universal
FRANCE	name	shtors	stores
FRANCE	name	balu	blue
FRANCE	name	javailaraja	jewelers
FRANCE	name	vijai	vijay
FRANCE	name	isht	ist
FRANCE	name	shtil	steel
FRANCE	name	maidikalaja	medicals
FRANCE	name	rail	royal
FRANCE	name	baisat	best
FRANCE	name	motaraja	motors
FRANCE	name	jeneral	general
FRANCE	name	painiar	pioneer
FRANCE	name	samarat	smart
FRANCE	name	goladan	golden
FRANCE	name	madaran	modern
FRANCE	name	baumbe	bombay
FRANCE	name	juelars	jewelers
FRANCE	name	sautharn	southern
FRANCE	name	laipha	life
FRANCE	name	swits	sweets
FRANCE	name	probhijan	provision
FRANCE	name	satil	steel
FRANCE	name	fil	fils
FRANCE	name	frs	bros
FRANCE	name	val	vallee
FRANCE	name	asso	association
FRANCE	addr	praivet	pvt
FRANCE	addr	dhamizhnadhu	tamilnadu
FRANCE	addr	limidhedh	ltd
FRANCE	addr	praibhet	pvt
FRANCE	addr	hariyana	haryana
FRANCE	addr	bhiraivedh	pvt
FRANCE	addr	keralan	kerala
FRANCE	addr	elaelapi	llp
FRANCE	addr	limirrad	ltd
FRANCE	addr	tek	tech
FRANCE	addr	phuds	foods
FRANCE	addr	kanstrakshans	constructions
FRANCE	addr	intaraneshanal	intl
FRANCE	addr	aiti	it
FRANCE	addr	pradesha	pradesh
FRANCE	addr	enarji	energy
FRANCE	addr	impeks	impex
FRANCE	addr	phud	food
FRANCE	addr	phaundeshan	foundation
FRANCE	addr	prodyusar	producer
FRANCE	addr	estet	estate
FRANCE	addr	pavar	power
FRANCE	addr	panjab	punjab
FRANCE	addr	kanstrakshan	construction
FRANCE	addr	bildars	builders
FRANCE	addr	odaisha	odisha
FRANCE	addr	prodakts	products
FRANCE	addr	tredinga	trading
FRANCE	addr	devalapars	developers
FRANCE	addr	midiya	media
FRANCE	addr	sistams	systems
FRANCE	addr	venchars	ventures
FRANCE	addr	al	all
FRANCE	addr	indastrij	ind
FRANCE	addr	entarapraijej	ent
FRANCE	addr	kansaltents	consultants
FRANCE	addr	kansaltensi	consultancy
FRANCE	addr	saolyushans	solutions
FRANCE	addr	teknolaojij	tech
FRANCE	addr	injiniyaringa	engg
FRANCE	addr	investaments	investments
FRANCE	addr	keyar	care
FRANCE	addr	projekts	projects
FRANCE	addr	marketinga	marketing
FRANCE	addr	eksaports	exports
FRANCE	addr	kansaltinga	consulting
FRANCE	addr	imphra	infra
FRANCE	addr	imphrastrakchar	infrastructure
FRANCE	addr	egro	agro
FRANCE	addr	investamenta	investment
FRANCE	addr	imphotek	infotech
FRANCE	addr	phainens	finance
FRANCE	addr	sarvisej	svc
FRANCE	addr	elelpi	llp
FRANCE	addr	helthakeyar	healthcare
FRANCE	addr	hai	high
FRANCE	addr	haospitailiti	hospitality
FRANCE	addr	bijanes	business
FRANCE	addr	mainejamenta	mgmt
FRANCE	addr	tirupati	tirupathi
FRANCE	addr	saophtaveyar	software
FRANCE	addr	gujarata	gujarat
FRANCE	addr	laojistiks	logistics
FRANCE	addr	grin	green
FRANCE	addr	lotas	lotus
FRANCE	addr	teknolaoji	tech
FRANCE	addr	laiph	life
FRANCE	addr	siti	city
FRANCE	addr	praopartij	properties
FRANCE	addr	san	sun
FRANCE	addr	supar	super
FRANCE	addr	svastik	swastik
FRANCE	addr	nyu	new
FRANCE	addr	hotal	hotel
FRANCE	addr	klasik	classic
FRANCE	addr	riyal	real
FRANCE	addr	drim	dream
FRANCE	addr	dijital	digital
FRANCE	addr	blu	blue
FRANCE	addr	suprim	supreme
FRANCE	addr	phyuchar	future
FRANCE	addr	skai	sky
FRANCE	addr	gret	great
FRANCE	addr	haitek	hitech
FRANCE	addr	limatid	ltd
FRANCE	addr	arban	urban
FRANCE	addr	gud	good
FRANCE	addr	brait	bright
FRANCE	addr	yunivarsal	universal
FRANCE	addr	indiyan	indian
FRANCE	addr	praim	prime
FRANCE	addr	yunaited	united
FRANCE	addr	silvar	silver
FRANCE	addr	sauth	s
FRANCE	addr	inovetiv	innovative
FRANCE	addr	yunik	unique
FRANCE	addr	epeks	apex
FRANCE	addr	golda	gold
FRANCE	addr	esaes	ss
FRANCE	addr	ista	e
FRANCE	addr	smarta	smart
FRANCE	addr	goldan	golden
FRANCE	addr	dayanamik	dynamic
FRANCE	addr	istarna	eastern
FRANCE	addr	paraphekta	perfect
FRANCE	addr	payoniyar	pioneer
FRANCE	addr	vijan	vision
FRANCE	addr	ola	all
FRANCE	addr	sanaraij	sunrise
FRANCE	addr	besta	best
FRANCE	addr	krietiv	creative
FRANCE	addr	baombe	bombay
FRANCE	addr	may	my
FRANCE	addr	sadarna	southern
FRANCE	addr	rajasthana	rajasthan
FRANCE	addr	blaik	black
FRANCE	addr	phaorchyun	fortune
FRANCE	addr	vhait	white
FRANCE	addr	gaileksi	galaxy
FRANCE	addr	maodarna	modern
FRANCE	addr	solyushans	solutions
FRANCE	addr	naortha	n
FRANCE	addr	raoyal	royal
FRANCE	addr	indastris	ind
FRANCE	addr	inphra	infra
FRANCE	addr	inphrastrakchar	infrastructure
FRANCE	addr	phainans	finance
FRANCE	addr	inphotek	infotech
FRANCE	addr	ker	care
FRANCE	addr	mai	my
FRANCE	addr	treding	trading
FRANCE	addr	stors	stores
FRANCE	addr	bihara	bihar
FRANCE	addr	agro	agri
FRANCE	addr	svits	sweets
FRANCE	addr	tredars	traders
FRANCE	addr	teknalajis	tech
FRANCE	addr	bekari	bakery
FRANCE	addr	elelbhi	llp
FRANCE	addr	hotel	hotels
FRANCE	addr	eksports	exports
FRANCE	addr	motars	motors
FRANCE	addr	medikals	medicals
FRANCE	addr	teknalaji	tech
FRANCE	addr	stil	steel
FRANCE	addr	prajekts	projects
FRANCE	addr	provijan	provision
FRANCE	addr	haspitaliti	hospitality
FRANCE	addr	lajistiks	logistics
FRANCE	addr	panjaba	punjab
FRANCE	addr	saphtver	software
FRANCE	addr	kansalting	consulting
FRANCE	addr	jvelars	jewelers
FRANCE	addr	teksatails	textiles
FRANCE	addr	garaments	garments
FRANCE	addr	eses	ss
FRANCE	addr	prapartis	properties
FRANCE	addr	restorenta	restaurant
FRANCE	addr	sarvisas	svc
FRANCE	addr	hardaveyar	hardware
FRANCE	addr	heltker	healthcare
FRANCE	addr	intarneshanal	intl
FRANCE	addr	dainamik	dynamic
FRANCE	addr	otomobails	automobiles
FRANCE	addr	ilektraoniks	electronics
FRANCE	addr	intarnyashanal	intl
FRANCE	addr	rayal	royal
FRANCE	addr	sadarn	southern
FRANCE	addr	shivan	shivam
FRANCE	addr	indharneshanl	intl
FRANCE	addr	dhegh	tech
FRANCE	addr	injiniyaring	engg
FRANCE	addr	bambe	bombay
FRANCE	addr	vait	white
FRANCE	addr	ghulobhal	global
FRANCE	addr	vishan	vision
FRANCE	addr	teknolojis	tech
FRANCE	addr	saliushanas	solutions
FRANCE	addr	pharchun	fortune
FRANCE	addr	sayi	sai
FRANCE	addr	saut	s
FRANCE	addr	menejment	mgmt
FRANCE	addr	parphekt	perfect
FRANCE	addr	ghansdhrakshans	constructions
FRANCE	addr	entarapraijes	ent
FRANCE	addr	intaranyashanal	intl
FRANCE	addr	entarpraisas	ent
FRANCE	addr	helthaker	healthcare
FRANCE	addr	kriyetiv	creative
FRANCE	addr	kanastrakashanas	constructions
FRANCE	addr	tredin	trading
FRANCE	addr	indhasdhris	ind
FRANCE	addr	infrasdhraghjhar	infrastructure
FRANCE	addr	fudhs	foods
FRANCE	addr	hasbhidhalidhdhi	hospitality
FRANCE	addr	nart	n
FRANCE	addr	sistemas	systems
FRANCE	addr	endharbhiraijhas	ent
FRANCE	addr	injaniring	engg
FRANCE	addr	gyalaksi	galaxy
FRANCE	addr	bhildhars	builders
FRANCE	addr	inaphra	infra
FRANCE	addr	gloval	global
FRANCE	addr	bijines	business
FRANCE	addr	kanasalatyantas	consultants
FRANCE	addr	phast	fast
FRANCE	addr	vildars	builders
FRANCE	addr	entarapraijhis	ent
FRANCE	addr	inaphotek	infotech
FRANCE	addr	entarpraijes	ent
FRANCE	addr	tekanolajis	tech
FRANCE	addr	eghsbhordhs	exports
FRANCE	addr	eksaportas	exports
FRANCE	addr	infodhegh	infotech
FRANCE	addr	phudas	foods
FRANCE	addr	ghanjhaldhanjhi	consultancy
FRANCE	addr	myanejment	mgmt
FRANCE	addr	esdhedh	estate
FRANCE	addr	sarbhises	svc
FRANCE	addr	sanrais	sunrise
FRANCE	addr	bhijhins	business
FRANCE	addr	sarvises	svc
FRANCE	addr	midhiya	media
FRANCE	addr	jharvijhas	svc
FRANCE	addr	vijanes	business
FRANCE	addr	menejmendh	mgmt
FRANCE	addr	jholyushans	solutions
FRANCE	addr	aghro	agro
FRANCE	addr	dheghnalajis	tech
FRANCE	addr	indastrijh	ind
FRANCE	addr	jhafdhver	software
FRANCE	addr	bisines	business
FRANCE	addr	apeks	apex
FRANCE	addr	heldhgher	healthcare
FRANCE	addr	bhurabhbhardhdhis	properties
FRANCE	addr	kansaltants	consultants
FRANCE	addr	bhurodhyujhar	producer
FRANCE	addr	ghanjhaldhandhs	consultants
FRANCE	addr	marketin	marketing
FRANCE	addr	prajektas	projects
FRANCE	addr	istarn	eastern
FRANCE	addr	marghghedhdhin	marketing
FRANCE	addr	paoyaar	power
FRANCE	addr	imbheghs	impex
FRANCE	addr	menejamenta	mgmt
FRANCE	addr	venjhjhars	ventures
FRANCE	addr	bijhanes	business
FRANCE	addr	lajistikas	logistics
FRANCE	addr	ghanjhaldhin	consulting
FRANCE	addr	bhavar	power
FRANCE	addr	saphataoyayar	software
FRANCE	addr	teknoloji	tech
FRANCE	addr	inabhestamentas	investments
FRANCE	addr	fainans	finance
FRANCE	addr	invesdhmendh	investment
FRANCE	addr	lojistiks	logistics
FRANCE	addr	inaphrastrakachar	infrastructure
FRANCE	addr	madarn	modern
FRANCE	addr	inrarnashanal	intl
FRANCE	addr	ayagro	agro
FRANCE	addr	kanasalatensi	consultancy
FRANCE	addr	hasapitaliti	hospitality
FRANCE	addr	propartijh	properties
FRANCE	addr	injiniyaarin	engg
FRANCE	addr	ol	all
FRANCE	addr	myanejamenta	mgmt
FRANCE	addr	shyan	shyam
FRANCE	addr	debhelaparas	developers
FRANCE	addr	kanasaltin	consulting
FRANCE	addr	helathakeyaar	healthcare
FRANCE	addr	kanastrakashan	construction
FRANCE	addr	prodaktas	products
FRANCE	addr	modarn	modern
FRANCE	addr	dhevalabhbhars	developers
FRANCE	addr	midiyaa	media
FRANCE	addr	gher	care
FRANCE	addr	enrarpraisas	ent
FRANCE	addr	invesdhmendhs	investments
FRANCE	addr	enjiniyaringa	engg
FRANCE	addr	hospitaliti	hospitality
FRANCE	addr	sarvisis	svc
FRANCE	addr	bhurajeghdhs	projects
FRANCE	addr	inabhestamenta	investment
FRANCE	addr	hodhdhal	hotel
FRANCE	addr	keyaar	care
FRANCE	addr	bhuradhaghdhs	products
FRANCE	addr	ghansdhrakshan	construction
FRANCE	addr	lajisdhighs	logistics
FRANCE	addr	prapartij	properties
FRANCE	addr	bhigh	big
FRANCE	addr	sophtaver	software
FRANCE	addr	fiyujhjhar	future
FRANCE	addr	kansaltansi	consultancy
FRANCE	addr	dhirubhbhadhi	tirupati
FRANCE	addr	gelaksi	galaxy
FRANCE	addr	favundheshan	foundation
FRANCE	addr	fudh	foot
FRANCE	addr	blak	black
FRANCE	addr	yunigh	unique
FRANCE	addr	bombe	bombay
FRANCE	addr	garments	garment
FRANCE	addr	ayapeks	apex
FRANCE	addr	tekanolaji	tech
FRANCE	addr	invesrrmenrs	investments
FRANCE	addr	markkaring	marketing
FRANCE	addr	helttkeyar	healthcare
FRANCE	addr	payanir	pioneer
FRANCE	addr	enjiniyaring	engg
FRANCE	addr	northa	n
FRANCE	addr	jhan	sun
FRANCE	addr	atomobails	automobiles
FRANCE	addr	bhayaniyar	pioneer
FRANCE	addr	sghai	sky
FRANCE	addr	gholdhu	gold
FRANCE	addr	voyidh	white
FRANCE	addr	smardh	smart
FRANCE	addr	isdharn	eastern
FRANCE	addr	valaji	balaji
FRANCE	addr	ghelaghsi	galaxy
FRANCE	addr	sadharna	southern
FRANCE	addr	ailaailapi	llp
FRANCE	addr	inobhetibh	innovative
FRANCE	addr	jhiva	shiva
FRANCE	addr	propparttis	properties
FRANCE	addr	lodhdhas	lotus
FRANCE	addr	silabhar	silver
FRANCE	addr	jhadharn	saturn
FRANCE	addr	kriyaetibh	creative
FRANCE	addr	sanraij	sunrise
FRANCE	addr	kansalttanrs	consultants
FRANCE	addr	indho	indo
FRANCE	addr	bhulu	blue
FRANCE	addr	ghudh	good
FRANCE	addr	nardh	n
FRANCE	addr	teknolajis	tech
FRANCE	addr	vesta	best
FRANCE	addr	jhilvar	silver
FRANCE	addr	ghilajhigh	classic
FRANCE	addr	vlu	blue
FRANCE	addr	bhishan	vision
FRANCE	addr	jhiv	shiv
FRANCE	addr	bisinas	business
FRANCE	addr	nartha	n
FRANCE	addr	vijhan	vision
FRANCE	addr	payaoniyaar	pioneer
FRANCE	addr	ghiredh	great
FRANCE	addr	arihandh	arihant
FRANCE	addr	ghuru	guru
FRANCE	addr	madharn	modern
FRANCE	addr	jhanrais	sunrise
FRANCE	addr	vava	baba
FRANCE	addr	bhesdh	best
FRANCE	addr	projakts	projects
FRANCE	addr	skay	sky
FRANCE	addr	phanteshan	foundation
FRANCE	addr	rayayal	royal
FRANCE	addr	ghirushna	krishna
FRANCE	addr	svasdhigh	swastik
FRANCE	addr	anndh	anand
FRANCE	addr	hospirraliri	hospitality
FRANCE	addr	kansaltting	consulting
FRANCE	addr	vomve	bombay
FRANCE	addr	jhubhbhar	super
FRANCE	addr	iunaited	united
FRANCE	addr	bhalaji	balaji
FRANCE	addr	innovetiv	innovative
FRANCE	addr	madarna	modern
FRANCE	addr	modarna	modern
FRANCE	addr	yunivarjhal	universal
FRANCE	addr	manejmenr	mgmt
FRANCE	addr	indhiyan	indian
FRANCE	addr	devalappezhs	developers
FRANCE	addr	bharfeghdh	perfect
FRANCE	addr	adhidhya	adithya
FRANCE	addr	geleksi	galaxy
FRANCE	addr	haidhegh	hitech
FRANCE	addr	ghujaradh	gujarat
FRANCE	addr	abheghs	apex
FRANCE	addr	riyael	real
FRANCE	addr	jyuvelars	jewelers
FRANCE	addr	hardver	hardware
FRANCE	addr	vlyak	black
FRANCE	addr	ghiriyedhdhiv	creative
FRANCE	addr	esrrerr	estate
FRANCE	addr	laif	life
FRANCE	addr	alfa	alpha
FRANCE	addr	bhambhay	bombay
FRANCE	addr	ghirin	green
FRANCE	addr	sdhar	star
FRANCE	addr	innovedhdhiv	innovative
FRANCE	addr	sanaraijh	sunrise
FRANCE	addr	kansalttansi	consultancy
FRANCE	addr	indiyaan	indian
FRANCE	addr	alapha	alpha
FRANCE	addr	phaundesan	foundation
FRANCE	addr	jhurya	surya
FRANCE	addr	lojisriks	logistics
FRANCE	addr	blek	black
FRANCE	addr	blyak	black
FRANCE	addr	gholdhan	golden
FRANCE	addr	dhainmigh	dynamic
FRANCE	addr	smartt	smart
FRANCE	addr	tekstails	textiles
FRANCE	addr	yunaidhedh	united
FRANCE	addr	intaranaisanal	intl
FRANCE	addr	hottal	hotel
FRANCE	addr	invesrrmenr	investment
FRANCE	addr	vrait	bright
FRANCE	addr	galaksi	galaxy
FRANCE	addr	payonir	pioneer
FRANCE	addr	soliusanaja	solutions
FRANCE	addr	bildezhs	builders
FRANCE	addr	redh	red
FRANCE	addr	bhilagh	black
FRANCE	addr	dayanemik	dynamic
FRANCE	addr	payaniyar	pioneer
FRANCE	addr	nortt	n
FRANCE	addr	iunibharsal	universal
FRANCE	addr	dijirral	digital
FRANCE	addr	saudarna	southern
FRANCE	addr	provishan	provision
FRANCE	addr	kanasalatantas	consultants
FRANCE	addr	gujaratt	gujarat
FRANCE	addr	innoverriv	innovative
FRANCE	addr	intyan	indian
FRANCE	addr	jenral	general
FRANCE	addr	taik	tech
FRANCE	addr	ladhjhumi	lakshmi
FRANCE	addr	yunivezhsal	universal
FRANCE	addr	kanashtrakasan	construction
FRANCE	addr	inaphrashtrakachar	infrastructure
FRANCE	addr	into	indo
FRANCE	addr	kanasalatin	consulting
FRANCE	addr	galobal	global
FRANCE	addr	midia	media
FRANCE	addr	isatet	state
FRANCE	addr	prabhishan	provision
FRANCE	addr	kansalataintas	consultants
FRANCE	addr	moden	modern
FRANCE	addr	lottas	lotus
FRANCE	addr	restarent	restaurant
FRANCE	addr	kansalatainsi	consultancy
FRANCE	addr	kanashtrakasans	constructions
FRANCE	addr	ilektroniks	electronics
FRANCE	addr	hardhuver	hardware
FRANCE	addr	taikanaloji	tech
FRANCE	addr	kanasalatansi	consultancy
FRANCE	addr	aintarapraijaija	ent
FRANCE	addr	suppar	super
FRANCE	addr	lakasami	lakshmi
FRANCE	addr	teksatailas	textiles
FRANCE	addr	modhdhars	motors
FRANCE	addr	phudaja	foods
FRANCE	addr	salyusans	solutions
FRANCE	addr	bijay	vijay
FRANCE	addr	rial	real
FRANCE	addr	bhurovishan	provision
FRANCE	addr	kear	care
FRANCE	addr	resturenta	restaurant
FRANCE	addr	hasapitailiti	hospitality
FRANCE	addr	inaphotaik	infotech
FRANCE	addr	lajishtiks	logistics
FRANCE	addr	aikasaporatas	exports
FRANCE	addr	debhalapars	developers
FRANCE	addr	elaktraniks	electronics
FRANCE	addr	inaphrasatrakachar	infrastructure
FRANCE	addr	sdhil	steel
FRANCE	addr	suitas	suites
FRANCE	addr	inabheshtament	investment
FRANCE	addr	indasatrija	ind
FRANCE	addr	projektas	projects
FRANCE	addr	sishtamas	systems
FRANCE	addr	atomovailas	automobiles
FRANCE	addr	laujisatikas	logistics
FRANCE	addr	intaranyasanal	intl
FRANCE	addr	aigaro	agro
FRANCE	addr	tiruppati	tirupati
FRANCE	addr	kansatrakasanaja	constructions
FRANCE	addr	bekkari	bakery
FRANCE	addr	medikyalas	medicals
FRANCE	addr	satt	s
FRANCE	addr	shtar	star
FRANCE	addr	impaikas	impex
FRANCE	addr	medhighghals	medicals
FRANCE	addr	kansalatinga	consulting
FRANCE	addr	saphtaweyar	software
FRANCE	addr	blakk	black
FRANCE	addr	goladen	golden
FRANCE	addr	eleghdhranighs	electronics
FRANCE	addr	divailaparaja	developers
FRANCE	addr	taikanalojija	tech
FRANCE	addr	swstik	swastik
FRANCE	addr	inavaisatamaintas	investments
FRANCE	addr	provijhan	provision
FRANCE	addr	sdhors	stores
FRANCE	addr	sadaran	southern
FRANCE	addr	projaikatas	projects
FRANCE	addr	gharmendhs	garments
FRANCE	addr	saphatavear	software
FRANCE	addr	proparatija	properties
FRANCE	addr	hailathakear	healthcare
FRANCE	addr	biladars	builders
FRANCE	addr	adhdhomobhails	automobiles
FRANCE	addr	srrors	stores
FRANCE	addr	restorent	restaurant
FRANCE	addr	teksrrails	textiles
FRANCE	addr	restoranta	restaurant
FRANCE	addr	sisatamaja	systems
FRANCE	addr	besht	best
FRANCE	addr	elektraniks	electronics
FRANCE	addr	saravisija	svc
FRANCE	addr	motaras	motors
FRANCE	addr	marakitinga	marketing
FRANCE	addr	bheghghari	bakery
FRANCE	addr	bijanas	business
FRANCE	addr	prodakatas	products
FRANCE	addr	medikkals	medicals
FRANCE	addr	krietibh	creative
FRANCE	addr	kansatrakasan	construction
FRANCE	addr	ilekatraniks	electronics
FRANCE	addr	propartij	properties
FRANCE	addr	shibam	shivam
FRANCE	addr	mainejamainta	mgmt
FRANCE	addr	hardveyar	hardware
FRANCE	addr	hardaoyayar	hardware
FRANCE	addr	myanejament	mgmt
FRANCE	addr	taikasatailaja	textiles
FRANCE	addr	hardaver	hardware
FRANCE	addr	savasatik	swastik
FRANCE	addr	sakati	shakti
FRANCE	addr	garmenrs	garments
FRANCE	addr	ottomobails	automobiles
FRANCE	addr	saivam	shivam
FRANCE	addr	garmentas	garments
FRANCE	addr	suparim	supreme
FRANCE	addr	sakai	sky
FRANCE	addr	hardaweyar	hardware
FRANCE	addr	inavaisatamainta	investment
FRANCE	addr	paraphaikat	perfect
FRANCE	addr	aditia	aditya
FRANCE	addr	yunibharsal	universal
FRANCE	addr	inabheshtamentas	investments
FRANCE	addr	mottozhs	motors
FRANCE	addr	vekari	bakery
FRANCE	addr	isataran	eastern
FRANCE	addr	gudda	good
FRANCE	addr	bhijan	vision
FRANCE	addr	eshtet	estate
FRANCE	addr	tredezhs	traders
FRANCE	addr	jvallezhs	jewelers
FRANCE	addr	balaik	black
FRANCE	addr	ilaktroniks	electronics
FRANCE	addr	biladaraja	builders
FRANCE	addr	tredaraja	traders
FRANCE	addr	golad	gold
FRANCE	addr	kalasik	classic
FRANCE	addr	silavar	silver
FRANCE	addr	alaphaa	alpha
FRANCE	addr	ishtarn	eastern
FRANCE	addr	yunaitid	united
FRANCE	addr	sanaraija	sunrise
FRANCE	addr	phasat	fast
FRANCE	addr	galaikasi	galaxy
FRANCE	addr	narath	n
FRANCE	addr	garamaintas	garments
FRANCE	addr	satar	star
FRANCE	addr	raidda	red
FRANCE	addr	saiva	shiva
FRANCE	addr	saiv	shiv
FRANCE	addr	yunivarasal	universal
FRANCE	addr	shtors	stores
FRANCE	addr	balu	blue
FRANCE	addr	javailaraja	jewelers
FRANCE	addr	vijai	vijay
FRANCE	addr	isht	ist
FRANCE	addr	shtil	steel
FRANCE	addr	maidikalaja	medicals
FRANCE	addr	rail	royal
FRANCE	addr	baisat	best
FRANCE	addr	motaraja	motors
FRANCE	addr	jeneral	general
FRANCE	addr	painiar	pioneer
FRANCE	addr	samarat	smart
FRANCE	addr	goladan	golden
FRANCE	addr	madaran	modern
FRANCE	addr	baumbe	bombay
FRANCE	addr	juelars	jewelers
FRANCE	addr	sautharn	southern
FRANCE	addr	laipha	life
FRANCE	addr	swits	sweets
FRANCE	addr	probhijan	provision
FRANCE	addr	satil	steel
FRANCE	addr	r	rue
FRANCE	addr	pas	passage
FRANCE	addr	all	allee
FRANCE	addr	ch	chem
FRANCE	addr	crs	cours
FRANCE	addr	val	vallee
FRANCE	addr	ma	maison
INDIA	name	tek	tech
INDIA	name	impeks	impex
INDIA	name	lmpex	impex
INDIA	name	aiti	it
INDIA	name	pavar	power
INDIA	name	paoyaar	power
INDIA	name	p0wer	power
INDIA	name	prodakts	products
INDIA	name	pr0ducts	products
INDIA	name	product	products
INDIA	name	kanstrakshans	constructions
INDIA	name	c0nstructions	constructions
INDIA	name	kanstrakshan	construction
INDIA	name	c0nstruction	construction
INDIA	name	kanastrakashan	construction
INDIA	name	ghansdhrakshan	construction
INDIA	name	bildars	builders
INDIA	name	8uilders	builders
INDIA	name	bhildhars	builders
INDIA	name	estet	estate
INDIA	name	esdhedh	estate
INDIA	name	kansaltents	consultants
INDIA	name	c0nsultants	consultants
INDIA	name	consu1tants	consultants
INDIA	name	kanasalatyantas	consultants
INDIA	name	kansaltants	consultants
INDIA	name	consultant	consultants
INDIA	name	limidhedh	ltd
INDIA	name	limirrad	ltd
INDIA	name	limatid	ltd
INDIA	name	kansaltensi	consultancy
INDIA	name	kansaltansi	consultancy
INDIA	name	consu1tancy	consultancy
INDIA	name	c0nsultancy	consultancy
INDIA	name	kansalttansi	consultancy
INDIA	name	sistams	systems
INDIA	name	5ystems	systems
INDIA	name	sistemas	systems
INDIA	name	system	systems
INDIA	name	midiya	media
INDIA	name	midiyaa	media
INDIA	name	midhiya	media
INDIA	name	intaraneshanal	intl
INDIA	name	intarneshanal	intl
INDIA	name	intarnyashanal	intl
INDIA	name	intaranyashanal	intl
INDIA	name	inrarnashanal	intl
INDIA	name	intemational	intl
INDIA	name	prodyusar	producer
INDIA	name	pr0ducer	producer
INDIA	name	enarji	energy
INDIA	name	phuds	foods
INDIA	name	f0ods	foods
INDIA	name	fudhs	foods
INDIA	name	phudas	foods
INDIA	name	devalapars	developers
INDIA	name	deve1opers	developers
INDIA	name	devel0pers	developers
INDIA	name	developer	developers
INDIA	name	dhevalabhbhars	developers
INDIA	name	venchars	ventures
INDIA	name	venjhjhars	ventures
INDIA	name	venture	ventures
INDIA	name	kansaltinga	consulting
INDIA	name	kansalting	consulting
INDIA	name	c0nsulting	consulting
INDIA	name	kansaltting	consulting
INDIA	name	kanasaltin	consulting
INDIA	name	phaundeshan	foundation
INDIA	name	f0undation	foundation
INDIA	name	favundheshan	foundation
INDIA	name	phainens	finance
INDIA	name	phainans	finance
INDIA	name	saolyushans	solutions
INDIA	name	solyushans	solutions
INDIA	name	saliushanas	solutions
INDIA	name	s0lutions	solutions
INDIA	name	5olutions	solutions
INDIA	name	so1utions	solutions
INDIA	name	bijanes	business
INDIA	name	bijines	business
INDIA	name	bisines	business
INDIA	name	8usiness	business
INDIA	name	bisinas	business
INDIA	name	eksaports	exports
INDIA	name	eksaportas	exports
INDIA	name	exp0rts	exports
INDIA	name	eksports	exports
INDIA	name	lndia	india
INDIA	name	imphra	infra
INDIA	name	lnfra	infra
INDIA	name	inaphra	infra
INDIA	name	inphra	infra
INDIA	name	tredinga	trading
INDIA	name	treding	trading
INDIA	name	tredin	trading
INDIA	name	egro	agro
INDIA	name	agr0	agro
INDIA	name	aghro	agro
INDIA	name	ayagro	agro
INDIA	name	sarvisej	svc
INDIA	name	5ervices	svc
INDIA	name	sarvisis	svc
INDIA	name	sarbhises	svc
INDIA	name	helthakeyar	healthcare
INDIA	name	helathakeyaar	healthcare
INDIA	name	heldhgher	healthcare
INDIA	name	marketinga	marketing
INDIA	name	marketin	marketing
INDIA	name	praopartij	properties
INDIA	name	prapartis	properties
INDIA	name	propartijh	properties
INDIA	name	pr0perties	properties
INDIA	name	propparttis	properties
INDIA	name	bhurabhbhardhdhis	properties
INDIA	name	investaments	investments
INDIA	name	inabhestamentas	investments
INDIA	name	invesdhmendhs	investments
INDIA	name	injiniyaringa	engg
INDIA	name	injaniring	engg
INDIA	name	injiniyaarin	engg
INDIA	name	teknolaojij	tech
INDIA	name	teknolojis	tech
INDIA	name	tekanolajis	tech
INDIA	name	mainejamenta	mgmt
INDIA	name	menejamenta	mgmt
INDIA	name	myanejment	mgmt
INDIA	name	menejment	mgmt
INDIA	name	myanejamenta	mgmt
INDIA	name	laojistiks	logistics
INDIA	name	lajistiks	logistics
INDIA	name	lojistiks	logistics
INDIA	name	lajistikas	logistics
INDIA	name	saophtaveyar	software
INDIA	name	saphtver	software
INDIA	name	sophtaver	software
INDIA	name	s0ftware	software
INDIA	name	imphrastrakchar	infrastructure
INDIA	name	lnfrastructure	infrastructure
INDIA	name	inaphrastrakachar	infrastructure
INDIA	name	teknolaoji	tech
INDIA	name	teknalaji	tech
INDIA	name	tekanolaji	tech
INDIA	name	teknoloji	tech
INDIA	name	entarapraijej	ent
INDIA	name	entarapraijes	ent
INDIA	name	entarpraisas	ent
INDIA	name	entarpraijes	ent
INDIA	name	entarapraijhis	ent
INDIA	name	haospitailiti	hospitality
INDIA	name	haspitaliti	hospitality
INDIA	name	hospitaliti	hospitality
INDIA	name	hasbhidhalidhdhi	hospitality
INDIA	name	hasapitaliti	hospitality
INDIA	name	hai	high
INDIA	name	silvar	silver
INDIA	name	arban	urban
INDIA	name	drim	dream
INDIA	name	haitek	hitech
INDIA	name	supar	super
INDIA	name	5uper	super
INDIA	name	gret	great
INDIA	name	ghiredh	great
INDIA	name	yunik	unique
INDIA	name	blu	blue
INDIA	name	bhulu	blue
INDIA	name	inovetiv	innovative
INDIA	name	innovedhdhiv	innovative
INDIA	name	innovetiv	innovative
INDIA	name	siti	city
INDIA	name	svastik	swastik
INDIA	name	svasdhigh	swastik
INDIA	name	skai	sky
INDIA	name	nyu	new
INDIA	name	indiyan	indian
INDIA	name	indhiyan	indian
INDIA	name	indiyaan	indian
INDIA	name	klasik	classic
INDIA	name	grin	green
INDIA	name	6reen	green
INDIA	name	ghirin	green
INDIA	name	payoniyar	pioneer
INDIA	name	bhayaniyar	pioneer
INDIA	name	payanir	pioneer
INDIA	name	payonir	pioneer
INDIA	name	brait	bright
INDIA	name	vrait	bright
INDIA	name	yunivarsal	universal
INDIA	name	yunivarjhal	universal
INDIA	name	suprim	supreme
INDIA	name	riyal	real
INDIA	name	goldan	golden
INDIA	name	gholdhan	golden
INDIA	name	dijital	digital
INDIA	name	paraphekta	perfect
INDIA	name	parphekt	perfect
INDIA	name	arihanta	arihant
INDIA	name	arihandh	arihant
INDIA	name	golda	gold
INDIA	name	gholdhu	gold
INDIA	name	hotal	hotel
INDIA	name	hodhdhal	hotel
INDIA	name	hottal	hotel
INDIA	name	laiph	life
INDIA	name	laif	life
INDIA	name	besta	best
INDIA	name	bhesdh	best
INDIA	name	indastris	ind
INDIA	name	indhasdhris	ind
INDIA	name	indastrijh	ind
INDIA	name	indashtrij	ind
INDIA	name	praim	prime
INDIA	name	gud	good
INDIA	name	ghudh	good
INDIA	name	blaik	black
INDIA	name	blak	black
INDIA	name	blyak	black
INDIA	name	blek	black
INDIA	name	sevan	7
INDIA	name	epeks	apex
INDIA	name	apeks	apex
INDIA	name	ayapeks	apex
INDIA	name	sadarna	southern
INDIA	name	sadarn	southern
INDIA	name	sadharna	southern
INDIA	name	sanaraij	sunrise
INDIA	name	sanrais	sunrise
INDIA	name	sanraij	sunrise
INDIA	name	yunaited	united
INDIA	name	naortha	n
INDIA	name	nart	n
INDIA	name	northa	n
INDIA	name	nartha	n
INDIA	name	raoyal	royal
INDIA	name	rayal	royal
INDIA	name	maodarna	modern
INDIA	name	modarn	modern
INDIA	name	madarn	modern
INDIA	name	modarna	modern
INDIA	name	8rothers	bros
INDIA	name	br0thers	bros
INDIA	name	vhait	white
INDIA	name	dayanamik	dynamic
INDIA	name	dainamik	dynamic
INDIA	name	sauth	s
INDIA	name	krietiv	creative
INDIA	name	kriyetiv	creative
INDIA	name	gaileksi	galaxy
INDIA	name	gyalaksi	galaxy
INDIA	name	gelaksi	galaxy
INDIA	name	geleksi	galaxy
INDIA	name	baombe	bombay
INDIA	name	bambe	bombay
INDIA	name	bombe	bombay
INDIA	name	bhambhay	bombay
INDIA	name	de1hi	delhi
INDIA	name	sayi	sai
INDIA	name	sain	sai
INDIA	name	gloval	global
INDIA	name	g1obal	global
INDIA	name	gl0bal	global
INDIA	name	ghulobhal	global
INDIA	name	6lobal	global
INDIA	name	c0	co
INDIA	name	mai	my
INDIA	name	shivan	shivam
INDIA	name	5ons	sons
INDIA	name	s0ns	sons
INDIA	name	5hree	shree
INDIA	name	shri	shree
INDIA	name	sree	shree
INDIA	name	eses	ss
INDIA	name	inabhestamenta	investment
INDIA	name	lnvestment	investment
INDIA	name	invesdhmendh	investment
INDIA	name	investamenta	investment
INDIA	name	pr0jects	projects
INDIA	name	prajektas	projects
INDIA	name	infodhegh	infotech
INDIA	name	c1inic	clinic
INDIA	name	h0me	home
INDIA	name	5eva	seva
INDIA	name	pub1ic	public
INDIA	name	lnstitute	institute
INDIA	name	medica1	medical
INDIA	name	5un	sun
INDIA	name	f0od	food
INDIA	name	phud	food
INDIA	name	fudh	food
INDIA	name	5hiva	shiva
INDIA	name	shiv	shiva
INDIA	name	5ociety	society
INDIA	name	gr0up	group
INDIA	name	vijaya	vijay
INDIA	name	bhalaji	balaji
INDIA	name	ananda	anand
INDIA	name	smarta	smart
INDIA	name	smartt	smart
INDIA	name	smardh	smart
INDIA	name	ghuru	guru
INDIA	name	indho	indo
INDIA	name	alapha	alpha
INDIA	name	alfa	alpha
INDIA	name	dhirubhbhadhi	tirupati
INDIA	name	ghujaradh	gujarat
INDIA	name	lotas	lotus
INDIA	name	lodhdhas	lotus
INDIA	name	bharadh	bharat
INDIA	name	sdhar	star
INDIA	name	vishan	vision
INDIA	name	laxmi	lakshmi
INDIA	name	ghirushna	krishna
INDIA	name	praivet	pvt
INDIA	name	dhamizhnadhu	tamilnadu
INDIA	name	praibhet	pvt
INDIA	name	hariyana	haryana
INDIA	name	bhiraivedh	pvt
INDIA	name	keralan	kerala
INDIA	name	elaelapi	llp
INDIA	name	pradesha	pradesh
INDIA	name	panjab	punjab
INDIA	name	odaisha	odisha
INDIA	name	al	all
INDIA	name	indastrij	ind
INDIA	name	keyar	care
INDIA	name	projekts	projects
INDIA	name	imphotek	infotech
INDIA	name	elelpi	llp
INDIA	name	gujarata	gujarat
INDIA	name	san	sun
INDIA	name	phyuchar	future
INDIA	name	esaes	ss
INDIA	name	ista	e
INDIA	name	istarna	eastern
INDIA	name	vijan	vision
INDIA	name	ola	all
INDIA	name	may	my
INDIA	name	rajasthana	rajasthan
INDIA	name	phaorchyun	fortune
INDIA	name	inphrastrakchar	infrastructure
INDIA	name	inphotek	infotech
INDIA	name	ker	care
INDIA	name	stors	stores
INDIA	name	bihara	bihar
INDIA	name	svits	sweets
INDIA	name	tredars	traders
INDIA	name	teknalajis	tech
INDIA	name	bekari	bakery
INDIA	name	elelbhi	llp
INDIA	name	motars	motors
INDIA	name	medikals	medicals
INDIA	name	stil	steel
INDIA	name	prajekts	projects
INDIA	name	provijan	provision
INDIA	name	panjaba	punjab
INDIA	name	jvelars	jewelers
INDIA	name	teksatails	textiles
INDIA	name	garaments	garments
INDIA	name	restorenta	restaurant
INDIA	name	sarvisas	svc
INDIA	name	hardaveyar	hardware
INDIA	name	heltker	healthcare
INDIA	name	otomobails	automobiles
INDIA	name	ilektraoniks	electronics
INDIA	name	indharneshanl	intl
INDIA	name	dhegh	tech
INDIA	name	injiniyaring	engg
INDIA	name	vait	white
INDIA	name	pharchun	fortune
INDIA	name	saut	s
INDIA	name	ghansdhrakshans	constructions
INDIA	name	helthaker	healthcare
INDIA	name	kanastrakashanas	constructions
INDIA	name	infrasdhraghjhar	infrastructure
INDIA	name	endharbhiraijhas	ent
INDIA	name	phast	fast
INDIA	name	vildars	builders
INDIA	name	inaphotek	infotech
INDIA	name	eghsbhordhs	exports
INDIA	name	ghanjhaldhanjhi	consultancy
INDIA	name	bhijhins	business
INDIA	name	sarvises	svc
INDIA	name	jharvijhas	svc
INDIA	name	vijanes	business
INDIA	name	menejmendh	mgmt
INDIA	name	jholyushans	solutions
INDIA	name	dheghnalajis	tech
INDIA	name	jhafdhver	software
INDIA	name	bhurodhyujhar	producer
INDIA	name	ghanjhaldhandhs	consultants
INDIA	name	istarn	eastern
INDIA	name	marghghedhdhin	marketing
INDIA	name	imbheghs	impex
INDIA	name	bijhanes	business
INDIA	name	ghanjhaldhin	consulting
INDIA	name	bhavar	power
INDIA	name	saphataoyayar	software
INDIA	name	fainans	finance
INDIA	name	kanasalatensi	consultancy
INDIA	name	ol	all
INDIA	name	shyan	shyam
INDIA	name	debhelaparas	developers
INDIA	name	prodaktas	products
INDIA	name	gher	care
INDIA	name	enrarpraisas	ent
INDIA	name	enjiniyaringa	engg
INDIA	name	bhurajeghdhs	projects
INDIA	name	keyaar	care
INDIA	name	bhuradhaghdhs	products
INDIA	name	lajisdhighs	logistics
INDIA	name	prapartij	properties
INDIA	name	bhigh	big
INDIA	name	fiyujhjhar	future
INDIA	name	yunigh	unique
INDIA	name	garments	garment
INDIA	name	invesrrmenrs	investments
INDIA	name	markkaring	marketing
INDIA	name	helttkeyar	healthcare
INDIA	name	enjiniyaring	engg
INDIA	name	jhan	sun
INDIA	name	atomobails	automobiles
INDIA	name	sghai	sky
INDIA	name	voyidh	white
INDIA	name	isdharn	eastern
INDIA	name	valaji	balaji
INDIA	name	ghelaghsi	galaxy
INDIA	name	ailaailapi	llp
INDIA	name	inobhetibh	innovative
INDIA	name	jhiva	shiva
INDIA	name	silabhar	silver
INDIA	name	jhadharn	saturn
INDIA	name	kriyaetibh	creative
INDIA	name	kansalttanrs	consultants
INDIA	name	nardh	n
INDIA	name	teknolajis	tech
INDIA	name	vesta	best
INDIA	name	jhilvar	silver
INDIA	name	ghilajhigh	classic
INDIA	name	vlu	blue
INDIA	name	bhishan	vision
INDIA	name	jhiv	shiva
INDIA	name	vijhan	vision
INDIA	name	payaoniyaar	pioneer
INDIA	name	madharn	modern
INDIA	name	jhanrais	sunrise
INDIA	name	vava	baba
INDIA	name	projakts	projects
INDIA	name	skay	sky
INDIA	name	phanteshan	foundation
INDIA	name	rayayal	royal
INDIA	name	anndh	anand
INDIA	name	hospirraliri	hospitality
INDIA	name	vomve	bombay
INDIA	name	jhubhbhar	super
INDIA	name	iunaited	united
INDIA	name	madarna	modern
INDIA	name	manejmenr	mgmt
INDIA	name	devalappezhs	developers
INDIA	name	bharfeghdh	perfect
INDIA	name	adhidhya	adithya
INDIA	name	haidhegh	hitech
INDIA	name	abheghs	apex
INDIA	name	riyael	real
INDIA	name	jyuvelars	jewelers
INDIA	name	hardver	hardware
INDIA	name	vlyak	black
INDIA	name	ghiriyedhdhiv	creative
INDIA	name	esrrerr	estate
INDIA	name	sanaraijh	sunrise
INDIA	name	phaundesan	foundation
INDIA	name	jhurya	surya
INDIA	name	lojisriks	logistics
INDIA	name	dhainmigh	dynamic
INDIA	name	tekstails	textiles
INDIA	name	yunaidhedh	united
INDIA	name	intaranaisanal	intl
INDIA	name	invesrrmenr	investment
INDIA	name	galaksi	galaxy
INDIA	name	soliusanaja	solutions
INDIA	name	bildezhs	builders
INDIA	name	redh	red
INDIA	name	bhilagh	black
INDIA	name	dayanemik	dynamic
INDIA	name	payaniyar	pioneer
INDIA	name	nortt	n
INDIA	name	iunibharsal	universal
INDIA	name	dijirral	digital
INDIA	name	saudarna	southern
INDIA	name	provishan	provision
INDIA	name	kanasalatantas	consultants
INDIA	name	gujaratt	gujarat
INDIA	name	innoverriv	innovative
INDIA	name	intyan	indian
INDIA	name	jenral	general
INDIA	name	taik	tech
INDIA	name	ladhjhumi	lakshmi
INDIA	name	yunivezhsal	universal
INDIA	name	kanashtrakasan	construction
INDIA	name	inaphrashtrakachar	infrastructure
INDIA	name	into	indo
INDIA	name	kanasalatin	consulting
INDIA	name	galobal	global
INDIA	name	midia	media
INDIA	name	isatet	state
INDIA	name	prabhishan	provision
INDIA	name	kansalataintas	consultants
INDIA	name	moden	modern
INDIA	name	lottas	lotus
INDIA	name	restarent	restaurant
INDIA	name	kansalatainsi	consultancy
INDIA	name	kanashtrakasans	constructions
INDIA	name	ilektroniks	electronics
INDIA	name	hardhuver	hardware
INDIA	name	taikanaloji	tech
INDIA	name	kanasalatansi	consultancy
INDIA	name	aintarapraijaija	ent
INDIA	name	suppar	super
INDIA	name	lakasami	lakshmi
INDIA	name	teksatailas	textiles
INDIA	name	modhdhars	motors
INDIA	name	phudaja	foods
INDIA	name	salyusans	solutions
INDIA	name	bijay	vijay
INDIA	name	rial	real
INDIA	name	bhurovishan	provision
INDIA	name	kear	care
INDIA	name	resturenta	restaurant
INDIA	name	hasapitailiti	hospitality
INDIA	name	inaphotaik	infotech
INDIA	name	lajishtiks	logistics
INDIA	name	aikasaporatas	exports
INDIA	name	debhalapars	developers
INDIA	name	elaktraniks	electronics
INDIA	name	inaphrasatrakachar	infrastructure
INDIA	name	sdhil	steel
INDIA	name	suitas	suites
INDIA	name	inabheshtament	investment
INDIA	name	indasatrija	ind
INDIA	name	projektas	projects
INDIA	name	sishtamas	systems
INDIA	name	atomovailas	automobiles
INDIA	name	laujisatikas	logistics
INDIA	name	intaranyasanal	intl
INDIA	name	aigaro	agro
INDIA	name	tiruppati	tirupati
INDIA	name	kansatrakasanaja	constructions
INDIA	name	bekkari	bakery
INDIA	name	medikyalas	medicals
INDIA	name	satt	s
INDIA	name	shtar	star
INDIA	name	impaikas	impex
INDIA	name	medhighghals	medicals
INDIA	name	kansalatinga	consulting
INDIA	name	saphtaweyar	software
INDIA	name	blakk	black
INDIA	name	goladen	golden
INDIA	name	eleghdhranighs	electronics
INDIA	name	divailaparaja	developers
INDIA	name	taikanalojija	tech
INDIA	name	swstik	swastik
INDIA	name	inavaisatamaintas	investments
INDIA	name	provijhan	provision
INDIA	name	sdhors	stores
INDIA	name	sadaran	southern
INDIA	name	projaikatas	projects
INDIA	name	gharmendhs	garments
INDIA	name	saphatavear	software
INDIA	name	proparatija	properties
INDIA	name	hailathakear	healthcare
INDIA	name	biladars	builders
INDIA	name	adhdhomobhails	automobiles
INDIA	name	srrors	stores
INDIA	name	restorent	restaurant
INDIA	name	teksrrails	textiles
INDIA	name	restoranta	restaurant
INDIA	name	sisatamaja	systems
INDIA	name	besht	best
INDIA	name	elektraniks	electronics
INDIA	name	saravisija	svc
INDIA	name	motaras	motors
INDIA	name	marakitinga	marketing
INDIA	name	bheghghari	bakery
INDIA	name	bijanas	business
INDIA	name	prodakatas	products
INDIA	name	medikkals	medicals
INDIA	name	krietibh	creative
INDIA	name	kansatrakasan	construction
INDIA	name	ilekatraniks	electronics
INDIA	name	propartij	properties
INDIA	name	shibam	shivam
INDIA	name	mainejamainta	mgmt
INDIA	name	hardveyar	hardware
INDIA	name	hardaoyayar	hardware
INDIA	name	myanejament	mgmt
INDIA	name	taikasatailaja	textiles
INDIA	name	hardaver	hardware
INDIA	name	savasatik	swastik
INDIA	name	sakati	shakti
INDIA	name	garmenrs	garments
INDIA	name	ottomobails	automobiles
INDIA	name	saivam	shivam
INDIA	name	garmentas	garments
INDIA	name	suparim	supreme
INDIA	name	sakai	sky
INDIA	name	hardaweyar	hardware
INDIA	name	inavaisatamainta	investment
INDIA	name	paraphaikat	perfect
INDIA	name	aditia	aditya
INDIA	name	yunibharsal	universal
INDIA	name	inabheshtamentas	investments
INDIA	name	mottozhs	motors
INDIA	name	vekari	bakery
INDIA	name	isataran	eastern
INDIA	name	gudda	good
INDIA	name	bhijan	vision
INDIA	name	eshtet	estate
INDIA	name	tredezhs	traders
INDIA	name	jvallezhs	jewelers
INDIA	name	balaik	black
INDIA	name	ilaktroniks	electronics
INDIA	name	biladaraja	builders
INDIA	name	tredaraja	traders
INDIA	name	golad	gold
INDIA	name	kalasik	classic
INDIA	name	silavar	silver
INDIA	name	alaphaa	alpha
INDIA	name	ishtarn	eastern
INDIA	name	yunaitid	united
INDIA	name	sanaraija	sunrise
INDIA	name	phasat	fast
INDIA	name	galaikasi	galaxy
INDIA	name	narath	n
INDIA	name	garamaintas	garments
INDIA	name	satar	star
INDIA	name	raidda	red
INDIA	name	saiva	shiva
INDIA	name	saiv	shiva
INDIA	name	yunivarasal	universal
INDIA	name	shtors	stores
INDIA	name	balu	blue
INDIA	name	javailaraja	jewelers
INDIA	name	vijai	vijay
INDIA	name	isht	ist
INDIA	name	shtil	steel
INDIA	name	maidikalaja	medicals
INDIA	name	rail	royal
INDIA	name	baisat	best
INDIA	name	motaraja	motors
INDIA	name	jeneral	general
INDIA	name	painiar	pioneer
INDIA	name	samarat	smart
INDIA	name	goladan	golden
INDIA	name	madaran	modern
INDIA	name	baumbe	bombay
INDIA	name	juelars	jewelers
INDIA	name	sautharn	southern
INDIA	name	laipha	life
INDIA	name	swits	sweets
INDIA	name	probhijan	provision
INDIA	name	satil	steel
INDIA	name	li	ltd
INDIA	name	sri	shree
INDIA	name	labs	laboratories
INDIA	name	info	information
INDIA	name	soft	software
INDIA	name	hind	hindustan
INDIA	name	edu	education
INDIA	name	digi	digital
INDIA	name	fin	finance
INDIA	name	hyd	hyderabad
INDIA	name	ecom	ecommerce
INDIA	name	siva	shiva
INDIA	name	gen	general
INDIA	addr	mh	maharashtra
INDIA	addr	uttar pradesh	up
INDIA	addr	ka	karnataka
INDIA	addr	west bengal	wb
INDIA	addr	pashchimavanga	wb
INDIA	addr	howrah west	wb
INDIA	addr	tamil nadu	tn
INDIA	addr	gj	gujarat
INDIA	addr	gujarata	gujarat
INDIA	addr	tg	telangana
INDIA	addr	hr	haryana
INDIA	addr	hariyana	haryana
INDIA	addr	rj	rajasthan
INDIA	addr	rajasthana	rajasthan
INDIA	addr	kl	kerala
INDIA	addr	keralam	kerala
INDIA	addr	keralan	kerala
INDIA	addr	br	bihar
INDIA	addr	bihara	bihar
INDIA	addr	madhya pradesh	mp
INDIA	addr	orissa	odisha
INDIA	addr	od	odisha
INDIA	addr	khordha orissa	odisha
INDIA	addr	ganjam orissa	odisha
INDIA	addr	puri orissa	odisha
INDIA	addr	andhra pradesh	ap
INDIA	addr	andhrapradesh	ap
INDIA	addr	pb	punjab
INDIA	addr	panjab	punjab
INDIA	addr	panjaba	punjab
INDIA	addr	pradesha	pradesh
INDIA	addr	b	blvd
INDIA	addr	bg	blvd
INDIA	addr	001	1
INDIA	addr	002	2
INDIA	addr	2n	2
INDIA	addr	flor	fl
INDIA	addr	folor	fl
INDIA	addr	floro	fl
INDIA	addr	foor	fl
INDIA	addr	floo	fl
INDIA	addr	003	3
INDIA	addr	004	4
INDIA	addr	rad	rd
INDIA	addr	roda	rd
INDIA	addr	012	12
INDIA	addr	0012	12
INDIA	addr	00101	101
INDIA	addr	005	5
INDIA	addr	010	10
INDIA	addr	0010	10
INDIA	addr	018	18
INDIA	addr	009	9
INDIA	addr	ngar	nagar
INDIA	addr	naga	nagar
INDIA	addr	naar	nagar
INDIA	addr	006	6
INDIA	addr	0011	11
INDIA	addr	008	8
INDIA	addr	014	14
INDIA	addr	00402	402
INDIA	addr	013	13
INDIA	addr	007	7
INDIA	addr	0026	26
INDIA	addr	017	17
INDIA	addr	016	16
INDIA	addr	0016	16
INDIA	addr	00302	302
INDIA	addr	0024	24
INDIA	addr	00202	202
INDIA	addr	00105	105
INDIA	addr	bock	block
INDIA	addr	blck	block
INDIA	addr	banglore	bangalore
INDIA	addr	bengaluru	bangalore
INDIA	addr	nasik	nashik
INDIA	addr	ofice	office
INDIA	addr	stret	st
INDIA	addr	kolkatta	kolkata
INDIA	addr	vishakapatnam	visakhapatnam
INDIA	addr	vishakhapatnam	visakhapatnam
INDIA	addr	paraganas	parganas
INDIA	addr	tiruppur	tirupur
INDIA	addr	colon	colony
INDIA	addr	houe	house
INDIA	addr	bhubaneshwar	bhubaneswar
INDIA	addr	delh	delhi
INDIA	addr	buddh	buddha
INDIA	addr	secto	sec
INDIA	addr	ahemdabad	ahmedabad
INDIA	addr	kannad	kannada
INDIA	addr	rangareddi	rangareddy
INDIA	addr	cros	cross
INDIA	addr	khorda	khordha
INDIA	addr	mani	main
INDIA	addr	poona	pune
INDIA	addr	polt	plot
INDIA	addr	plto	plot
INDIA	addr	flta	flat
INDIA	addr	mysuru	mysore
INDIA	addr	mangaluru	mangalore
INDIA	addr	praivet	pvt
INDIA	addr	dhamizhnadhu	tamilnadu
INDIA	addr	limidhedh	ltd
INDIA	addr	praibhet	pvt
INDIA	addr	bhiraivedh	pvt
INDIA	addr	elaelapi	llp
INDIA	addr	limirrad	ltd
INDIA	addr	tek	tech
INDIA	addr	phuds	foods
INDIA	addr	kanstrakshans	constructions
INDIA	addr	intaraneshanal	intl
INDIA	addr	aiti	it
INDIA	addr	enarji	energy
INDIA	addr	impeks	impex
INDIA	addr	phud	food
INDIA	addr	phaundeshan	foundation
INDIA	addr	prodyusar	producer
INDIA	addr	estet	estate
INDIA	addr	pavar	power
INDIA	addr	kanstrakshan	construction
INDIA	addr	bildars	builders
INDIA	addr	odaisha	odisha
INDIA	addr	prodakts	products
INDIA	addr	tredinga	trading
INDIA	addr	devalapars	developers
INDIA	addr	midiya	media
INDIA	addr	sistams	systems
INDIA	addr	venchars	ventures
INDIA	addr	al	all
INDIA	addr	indastrij	ind
INDIA	addr	entarapraijej	ent
INDIA	addr	kansaltents	consultants
INDIA	addr	kansaltensi	consultancy
INDIA	addr	saolyushans	solutions
INDIA	addr	teknolaojij	tech
INDIA	addr	injiniyaringa	engg
INDIA	addr	investaments	investments
INDIA	addr	keyar	care
INDIA	addr	projekts	projects
INDIA	addr	marketinga	marketing
INDIA	addr	eksaports	exports
INDIA	addr	kansaltinga	consulting
INDIA	addr	imphra	infra
INDIA	addr	imphrastrakchar	infrastructure
INDIA	addr	egro	agro
INDIA	addr	investamenta	investment
INDIA	addr	imphotek	infotech
INDIA	addr	phainens	finance
INDIA	addr	sarvisej	svc
INDIA	addr	elelpi	llp
INDIA	addr	helthakeyar	healthcare
INDIA	addr	hai	high
INDIA	addr	haospitailiti	hospitality
INDIA	addr	bijanes	business
INDIA	addr	mainejamenta	mgmt
INDIA	addr	tirupati	tirupathi
INDIA	addr	saophtaveyar	software
INDIA	addr	laojistiks	logistics
INDIA	addr	grin	green
INDIA	addr	lotas	lotus
INDIA	addr	teknolaoji	tech
INDIA	addr	laiph	life
INDIA	addr	siti	city
INDIA	addr	praopartij	properties
INDIA	addr	san	sun
INDIA	addr	supar	super
INDIA	addr	svastik	swastik
INDIA	addr	nyu	new
INDIA	addr	hotal	hotel
INDIA	addr	klasik	classic
INDIA	addr	riyal	real
INDIA	addr	drim	dream
INDIA	addr	dijital	digital
INDIA	addr	blu	blue
INDIA	addr	suprim	supreme
INDIA	addr	phyuchar	future
INDIA	addr	skai	sky
INDIA	addr	gret	great
INDIA	addr	haitek	hitech
INDIA	addr	limatid	ltd
INDIA	addr	arban	urban
INDIA	addr	gud	good
INDIA	addr	brait	bright
INDIA	addr	yunivarsal	universal
INDIA	addr	indiyan	indian
INDIA	addr	praim	prime
INDIA	addr	yunaited	united
INDIA	addr	silvar	silver
INDIA	addr	sauth	s
INDIA	addr	inovetiv	innovative
INDIA	addr	yunik	unique
INDIA	addr	epeks	apex
INDIA	addr	golda	gold
INDIA	addr	esaes	ss
INDIA	addr	ista	e
INDIA	addr	smarta	smart
INDIA	addr	goldan	golden
INDIA	addr	dayanamik	dynamic
INDIA	addr	istarna	eastern
INDIA	addr	paraphekta	perfect
INDIA	addr	payoniyar	pioneer
INDIA	addr	vijan	vision
INDIA	addr	ola	all
INDIA	addr	sanaraij	sunrise
INDIA	addr	besta	best
INDIA	addr	krietiv	creative
INDIA	addr	baombe	bombay
INDIA	addr	may	my
INDIA	addr	sadarna	southern
INDIA	addr	blaik	black
INDIA	addr	phaorchyun	fortune
INDIA	addr	vhait	white
INDIA	addr	gaileksi	galaxy
INDIA	addr	maodarna	modern
INDIA	addr	solyushans	solutions
INDIA	addr	naortha	n
INDIA	addr	raoyal	royal
INDIA	addr	indastris	ind
INDIA	addr	inphra	infra
INDIA	addr	inphrastrakchar	infrastructure
INDIA	addr	phainans	finance
INDIA	addr	inphotek	infotech
INDIA	addr	ker	care
INDIA	addr	mai	my
INDIA	addr	treding	trading
INDIA	addr	stors	stores
INDIA	addr	agro	agri
INDIA	addr	svits	sweets
INDIA	addr	tredars	traders
INDIA	addr	teknalajis	tech
INDIA	addr	bekari	bakery
INDIA	addr	elelbhi	llp
INDIA	addr	hotel	hotels
INDIA	addr	eksports	exports
INDIA	addr	motars	motors
INDIA	addr	medikals	medicals
INDIA	addr	teknalaji	tech
INDIA	addr	stil	steel
INDIA	addr	prajekts	projects
INDIA	addr	provijan	provision
INDIA	addr	haspitaliti	hospitality
INDIA	addr	lajistiks	logistics
INDIA	addr	saphtver	software
INDIA	addr	kansalting	consulting
INDIA	addr	jvelars	jewelers
INDIA	addr	teksatails	textiles
INDIA	addr	garaments	garments
INDIA	addr	eses	ss
INDIA	addr	prapartis	properties
INDIA	addr	restorenta	restaurant
INDIA	addr	sarvisas	svc
INDIA	addr	hardaveyar	hardware
INDIA	addr	heltker	healthcare
INDIA	addr	intarneshanal	intl
INDIA	addr	dainamik	dynamic
INDIA	addr	otomobails	automobiles
INDIA	addr	ilektraoniks	electronics
INDIA	addr	intarnyashanal	intl
INDIA	addr	rayal	royal
INDIA	addr	sadarn	southern
INDIA	addr	shivan	shivam
INDIA	addr	indharneshanl	intl
INDIA	addr	dhegh	tech
INDIA	addr	injiniyaring	engg
INDIA	addr	bambe	bombay
INDIA	addr	vait	white
INDIA	addr	ghulobhal	global
INDIA	addr	vishan	vision
INDIA	addr	teknolojis	tech
INDIA	addr	saliushanas	solutions
INDIA	addr	pharchun	fortune
INDIA	addr	sayi	sai
INDIA	addr	saut	s
INDIA	addr	menejment	mgmt
INDIA	addr	parphekt	perfect
INDIA	addr	ghansdhrakshans	constructions
INDIA	addr	entarapraijes	ent
INDIA	addr	intaranyashanal	intl
INDIA	addr	entarpraisas	ent
INDIA	addr	helthaker	healthcare
INDIA	addr	kriyetiv	creative
INDIA	addr	kanastrakashanas	constructions
INDIA	addr	tredin	trading
INDIA	addr	indhasdhris	ind
INDIA	addr	infrasdhraghjhar	infrastructure
INDIA	addr	fudhs	foods
INDIA	addr	hasbhidhalidhdhi	hospitality
INDIA	addr	nart	n
INDIA	addr	sistemas	systems
INDIA	addr	endharbhiraijhas	ent
INDIA	addr	injaniring	engg
INDIA	addr	gyalaksi	galaxy
INDIA	addr	bhildhars	builders
INDIA	addr	inaphra	infra
INDIA	addr	gloval	global
INDIA	addr	bijines	business
INDIA	addr	kanasalatyantas	consultants
INDIA	addr	phast	fast
INDIA	addr	vildars	builders
INDIA	addr	entarapraijhis	ent
INDIA	addr	inaphotek	infotech
INDIA	addr	entarpraijes	ent
INDIA	addr	tekanolajis	tech
INDIA	addr	eghsbhordhs	exports
INDIA	addr	eksaportas	exports
INDIA	addr	infodhegh	infotech
INDIA	addr	phudas	foods
INDIA	addr	ghanjhaldhanjhi	consultancy
INDIA	addr	myanejment	mgmt
INDIA	addr	esdhedh	estate
INDIA	addr	sarbhises	svc
INDIA	addr	sanrais	sunrise
INDIA	addr	bhijhins	business
INDIA	addr	sarvises	svc
INDIA	addr	midhiya	media
INDIA	addr	jharvijhas	svc
INDIA	addr	vijanes	business
INDIA	addr	menejmendh	mgmt
INDIA	addr	jholyushans	solutions
INDIA	addr	aghro	agro
INDIA	addr	dheghnalajis	tech
INDIA	addr	indastrijh	ind
INDIA	addr	jhafdhver	software
INDIA	addr	bisines	business
INDIA	addr	apeks	apex
INDIA	addr	heldhgher	healthcare
INDIA	addr	bhurabhbhardhdhis	properties
INDIA	addr	kansaltants	consultants
INDIA	addr	bhurodhyujhar	producer
INDIA	addr	ghanjhaldhandhs	consultants
INDIA	addr	marketin	marketing
INDIA	addr	prajektas	projects
INDIA	addr	istarn	eastern
INDIA	addr	marghghedhdhin	marketing
INDIA	addr	paoyaar	power
INDIA	addr	imbheghs	impex
INDIA	addr	menejamenta	mgmt
INDIA	addr	venjhjhars	ventures
INDIA	addr	bijhanes	business
INDIA	addr	lajistikas	logistics
INDIA	addr	ghanjhaldhin	consulting
INDIA	addr	bhavar	power
INDIA	addr	saphataoyayar	software
INDIA	addr	teknoloji	tech
INDIA	addr	inabhestamentas	investments
INDIA	addr	fainans	finance
INDIA	addr	invesdhmendh	investment
INDIA	addr	lojistiks	logistics
INDIA	addr	inaphrastrakachar	infrastructure
INDIA	addr	madarn	modern
INDIA	addr	inrarnashanal	intl
INDIA	addr	ayagro	agro
INDIA	addr	kanasalatensi	consultancy
INDIA	addr	hasapitaliti	hospitality
INDIA	addr	propartijh	properties
INDIA	addr	injiniyaarin	engg
INDIA	addr	ol	all
INDIA	addr	myanejamenta	mgmt
INDIA	addr	shyan	shyam
INDIA	addr	debhelaparas	developers
INDIA	addr	kanasaltin	consulting
INDIA	addr	helathakeyaar	healthcare
INDIA	addr	kanastrakashan	construction
INDIA	addr	prodaktas	products
INDIA	addr	modarn	modern
INDIA	addr	dhevalabhbhars	developers
INDIA	addr	midiyaa	media
INDIA	addr	gher	care
INDIA	addr	enrarpraisas	ent
INDIA	addr	invesdhmendhs	investments
INDIA	addr	enjiniyaringa	engg
INDIA	addr	hospitaliti	hospitality
INDIA	addr	sarvisis	svc
INDIA	addr	bhurajeghdhs	projects
INDIA	addr	inabhestamenta	investment
INDIA	addr	hodhdhal	hotel
INDIA	addr	keyaar	care
INDIA	addr	bhuradhaghdhs	products
INDIA	addr	ghansdhrakshan	construction
INDIA	addr	lajisdhighs	logistics
INDIA	addr	prapartij	properties
INDIA	addr	bhigh	big
INDIA	addr	sophtaver	software
INDIA	addr	fiyujhjhar	future
INDIA	addr	kansaltansi	consultancy
INDIA	addr	dhirubhbhadhi	tirupati
INDIA	addr	gelaksi	galaxy
INDIA	addr	favundheshan	foundation
INDIA	addr	fudh	foot
INDIA	addr	blak	black
INDIA	addr	yunigh	unique
INDIA	addr	bombe	bombay
INDIA	addr	garments	garment
INDIA	addr	ayapeks	apex
INDIA	addr	tekanolaji	tech
INDIA	addr	invesrrmenrs	investments
INDIA	addr	markkaring	marketing
INDIA	addr	helttkeyar	healthcare
INDIA	addr	payanir	pioneer
INDIA	addr	enjiniyaring	engg
INDIA	addr	northa	n
INDIA	addr	jhan	sun
INDIA	addr	atomobails	automobiles
INDIA	addr	bhayaniyar	pioneer
INDIA	addr	sghai	sky
INDIA	addr	gholdhu	gold
INDIA	addr	voyidh	white
INDIA	addr	smardh	smart
INDIA	addr	isdharn	eastern
INDIA	addr	valaji	balaji
INDIA	addr	ghelaghsi	galaxy
INDIA	addr	sadharna	southern
INDIA	addr	ailaailapi	llp
INDIA	addr	inobhetibh	innovative
INDIA	addr	jhiva	shiva
INDIA	addr	propparttis	properties
INDIA	addr	lodhdhas	lotus
INDIA	addr	silabhar	silver
INDIA	addr	jhadharn	saturn
INDIA	addr	kriyaetibh	creative
INDIA	addr	sanraij	sunrise
INDIA	addr	kansalttanrs	consultants
INDIA	addr	indho	indo
INDIA	addr	bhulu	blue
INDIA	addr	ghudh	good
INDIA	addr	nardh	n
INDIA	addr	teknolajis	tech
INDIA	addr	vesta	best
INDIA	addr	jhilvar	silver
INDIA	addr	ghilajhigh	classic
INDIA	addr	vlu	blue
INDIA	addr	bhishan	vision
INDIA	addr	jhiv	shiv
INDIA	addr	bisinas	business
INDIA	addr	nartha	n
INDIA	addr	vijhan	vision
INDIA	addr	payaoniyaar	pioneer
INDIA	addr	ghiredh	great
INDIA	addr	arihandh	arihant
INDIA	addr	ghuru	guru
INDIA	addr	madharn	modern
INDIA	addr	jhanrais	sunrise
INDIA	addr	vava	baba
INDIA	addr	bhesdh	best
INDIA	addr	projakts	projects
INDIA	addr	skay	sky
INDIA	addr	phanteshan	foundation
INDIA	addr	rayayal	royal
INDIA	addr	ghirushna	krishna
INDIA	addr	svasdhigh	swastik
INDIA	addr	anndh	anand
INDIA	addr	hospirraliri	hospitality
INDIA	addr	kansaltting	consulting
INDIA	addr	vomve	bombay
INDIA	addr	jhubhbhar	super
INDIA	addr	iunaited	united
INDIA	addr	bhalaji	balaji
INDIA	addr	innovetiv	innovative
INDIA	addr	madarna	modern
INDIA	addr	modarna	modern
INDIA	addr	yunivarjhal	universal
INDIA	addr	manejmenr	mgmt
INDIA	addr	indhiyan	indian
INDIA	addr	devalappezhs	developers
INDIA	addr	bharfeghdh	perfect
INDIA	addr	adhidhya	adithya
INDIA	addr	geleksi	galaxy
INDIA	addr	haidhegh	hitech
INDIA	addr	ghujaradh	gujarat
INDIA	addr	abheghs	apex
INDIA	addr	riyael	real
INDIA	addr	jyuvelars	jewelers
INDIA	addr	hardver	hardware
INDIA	addr	vlyak	black
INDIA	addr	ghiriyedhdhiv	creative
INDIA	addr	esrrerr	estate
INDIA	addr	laif	life
INDIA	addr	alfa	alpha
INDIA	addr	bhambhay	bombay
INDIA	addr	ghirin	green
INDIA	addr	sdhar	star
INDIA	addr	innovedhdhiv	innovative
INDIA	addr	sanaraijh	sunrise
INDIA	addr	kansalttansi	consultancy
INDIA	addr	indiyaan	indian
INDIA	addr	alapha	alpha
INDIA	addr	phaundesan	foundation
INDIA	addr	jhurya	surya
INDIA	addr	lojisriks	logistics
INDIA	addr	blek	black
INDIA	addr	blyak	black
INDIA	addr	gholdhan	golden
INDIA	addr	dhainmigh	dynamic
INDIA	addr	smartt	smart
INDIA	addr	tekstails	textiles
INDIA	addr	yunaidhedh	united
INDIA	addr	intaranaisanal	intl
INDIA	addr	hottal	hotel
INDIA	addr	invesrrmenr	investment
INDIA	addr	vrait	bright
INDIA	addr	galaksi	galaxy
INDIA	addr	payonir	pioneer
INDIA	addr	soliusanaja	solutions
INDIA	addr	bildezhs	builders
INDIA	addr	redh	red
INDIA	addr	bhilagh	black
INDIA	addr	dayanemik	dynamic
INDIA	addr	payaniyar	pioneer
INDIA	addr	nortt	n
INDIA	addr	iunibharsal	universal
INDIA	addr	dijirral	digital
INDIA	addr	saudarna	southern
INDIA	addr	provishan	provision
INDIA	addr	kanasalatantas	consultants
INDIA	addr	gujaratt	gujarat
INDIA	addr	innoverriv	innovative
INDIA	addr	intyan	indian
INDIA	addr	jenral	general
INDIA	addr	taik	tech
INDIA	addr	ladhjhumi	lakshmi
INDIA	addr	yunivezhsal	universal
INDIA	addr	kanashtrakasan	construction
INDIA	addr	inaphrashtrakachar	infrastructure
INDIA	addr	into	indo
INDIA	addr	kanasalatin	consulting
INDIA	addr	galobal	global
INDIA	addr	midia	media
INDIA	addr	isatet	state
INDIA	addr	prabhishan	provision
INDIA	addr	kansalataintas	consultants
INDIA	addr	moden	modern
INDIA	addr	lottas	lotus
INDIA	addr	restarent	restaurant
INDIA	addr	kansalatainsi	consultancy
INDIA	addr	kanashtrakasans	constructions
INDIA	addr	ilektroniks	electronics
INDIA	addr	hardhuver	hardware
INDIA	addr	taikanaloji	tech
INDIA	addr	kanasalatansi	consultancy
INDIA	addr	aintarapraijaija	ent
INDIA	addr	suppar	super
INDIA	addr	lakasami	lakshmi
INDIA	addr	teksatailas	textiles
INDIA	addr	modhdhars	motors
INDIA	addr	phudaja	foods
INDIA	addr	salyusans	solutions
INDIA	addr	bijay	vijay
INDIA	addr	rial	real
INDIA	addr	bhurovishan	provision
INDIA	addr	kear	care
INDIA	addr	resturenta	restaurant
INDIA	addr	hasapitailiti	hospitality
INDIA	addr	inaphotaik	infotech
INDIA	addr	lajishtiks	logistics
INDIA	addr	aikasaporatas	exports
INDIA	addr	debhalapars	developers
INDIA	addr	elaktraniks	electronics
INDIA	addr	inaphrasatrakachar	infrastructure
INDIA	addr	sdhil	steel
INDIA	addr	suitas	suites
INDIA	addr	inabheshtament	investment
INDIA	addr	indasatrija	ind
INDIA	addr	projektas	projects
INDIA	addr	sishtamas	systems
INDIA	addr	atomovailas	automobiles
INDIA	addr	laujisatikas	logistics
INDIA	addr	intaranyasanal	intl
INDIA	addr	aigaro	agro
INDIA	addr	tiruppati	tirupati
INDIA	addr	kansatrakasanaja	constructions
INDIA	addr	bekkari	bakery
INDIA	addr	medikyalas	medicals
INDIA	addr	satt	s
INDIA	addr	shtar	star
INDIA	addr	impaikas	impex
INDIA	addr	medhighghals	medicals
INDIA	addr	kansalatinga	consulting
INDIA	addr	saphtaweyar	software
INDIA	addr	blakk	black
INDIA	addr	goladen	golden
INDIA	addr	eleghdhranighs	electronics
INDIA	addr	divailaparaja	developers
INDIA	addr	taikanalojija	tech
INDIA	addr	swstik	swastik
INDIA	addr	inavaisatamaintas	investments
INDIA	addr	provijhan	provision
INDIA	addr	sdhors	stores
INDIA	addr	sadaran	southern
INDIA	addr	projaikatas	projects
INDIA	addr	gharmendhs	garments
INDIA	addr	saphatavear	software
INDIA	addr	proparatija	properties
INDIA	addr	hailathakear	healthcare
INDIA	addr	biladars	builders
INDIA	addr	adhdhomobhails	automobiles
INDIA	addr	srrors	stores
INDIA	addr	restorent	restaurant
INDIA	addr	teksrrails	textiles
INDIA	addr	restoranta	restaurant
INDIA	addr	sisatamaja	systems
INDIA	addr	besht	best
INDIA	addr	elektraniks	electronics
INDIA	addr	saravisija	svc
INDIA	addr	motaras	motors
INDIA	addr	marakitinga	marketing
INDIA	addr	bheghghari	bakery
INDIA	addr	bijanas	business
INDIA	addr	prodakatas	products
INDIA	addr	medikkals	medicals
INDIA	addr	krietibh	creative
INDIA	addr	kansatrakasan	construction
INDIA	addr	ilekatraniks	electronics
INDIA	addr	propartij	properties
INDIA	addr	shibam	shivam
INDIA	addr	mainejamainta	mgmt
INDIA	addr	hardveyar	hardware
INDIA	addr	hardaoyayar	hardware
INDIA	addr	myanejament	mgmt
INDIA	addr	taikasatailaja	textiles
INDIA	addr	hardaver	hardware
INDIA	addr	savasatik	swastik
INDIA	addr	sakati	shakti
INDIA	addr	garmenrs	garments
INDIA	addr	ottomobails	automobiles
INDIA	addr	saivam	shivam
INDIA	addr	garmentas	garments
INDIA	addr	suparim	supreme
INDIA	addr	sakai	sky
INDIA	addr	hardaweyar	hardware
INDIA	addr	inavaisatamainta	investment
INDIA	addr	paraphaikat	perfect
INDIA	addr	aditia	aditya
INDIA	addr	yunibharsal	universal
INDIA	addr	inabheshtamentas	investments
INDIA	addr	mottozhs	motors
INDIA	addr	vekari	bakery
INDIA	addr	isataran	eastern
INDIA	addr	gudda	good
INDIA	addr	bhijan	vision
INDIA	addr	eshtet	estate
INDIA	addr	tredezhs	traders
INDIA	addr	jvallezhs	jewelers
INDIA	addr	balaik	black
INDIA	addr	ilaktroniks	electronics
INDIA	addr	biladaraja	builders
INDIA	addr	tredaraja	traders
INDIA	addr	golad	gold
INDIA	addr	kalasik	classic
INDIA	addr	silavar	silver
INDIA	addr	alaphaa	alpha
INDIA	addr	ishtarn	eastern
INDIA	addr	yunaitid	united
INDIA	addr	sanaraija	sunrise
INDIA	addr	phasat	fast
INDIA	addr	galaikasi	galaxy
INDIA	addr	narath	n
INDIA	addr	garamaintas	garments
INDIA	addr	satar	star
INDIA	addr	raidda	red
INDIA	addr	saiva	shiva
INDIA	addr	saiv	shiv
INDIA	addr	yunivarasal	universal
INDIA	addr	shtors	stores
INDIA	addr	balu	blue
INDIA	addr	javailaraja	jewelers
INDIA	addr	vijai	vijay
INDIA	addr	isht	ist
INDIA	addr	shtil	steel
INDIA	addr	maidikalaja	medicals
INDIA	addr	rail	royal
INDIA	addr	baisat	best
INDIA	addr	motaraja	motors
INDIA	addr	jeneral	general
INDIA	addr	painiar	pioneer
INDIA	addr	samarat	smart
INDIA	addr	goladan	golden
INDIA	addr	madaran	modern
INDIA	addr	baumbe	bombay
INDIA	addr	juelars	jewelers
INDIA	addr	sautharn	southern
INDIA	addr	laipha	life
INDIA	addr	swits	sweets
INDIA	addr	probhijan	provision
INDIA	addr	satil	steel
INDIA	addr	dl	delhi
INDIA	addr	po	post
INDIA	addr	hn	hno
INDIA	addr	fl	flat
INDIA	addr	gf	groundfloor
INDIA	addr	off	office
INDIA	addr	flr	fl
INDIA	addr	sri	shri
INDIA	addr	ff	firstfloor
INDIA	addr	soc	society
INDIA	addr	op	opp
INDIA	addr	shiv	shiva
INDIA	addr	mg	marg
INDIA	addr	blk	block
INDIA	addr	hsg	housing
INDIA	addr	pur	pura
INDIA	addr	sno	srno
INDIA	addr	hno	houseno
INDIA	addr	hsr	hongasandra
INDIA	addr	ho	house
INDIA	addr	koil	kovil
INDIA	addr	indl	industrial
INDIA	addr	ft	flat
INDIA	addr	ro	rd
INDIA	addr	est	estate
INDIA	addr	bld	bldg
INDIA	addr	hq	headquarters
INDIA	addr	flt	flat
INDIA	addr	govt	government
INDIA	addr	roa	rd
INDIA	addr	jn	junction
INDIA	addr	sree	shree
INDIA	addr	sect	sec
INDIA	addr	hyd	hyderabad
INDIA	addr	teh	tehsil
INDIA	addr	abul	abdul
INDIA	addr	prop	property
INDIA	addr	fno	flatno
INDIA	addr	plt	plot
INDIA	addr	ga	ln
INDIA	addr	hd	holding
INDIA	addr	nag	nagar
INDIA	addr	rly	railway
INDIA	addr	dor	door
INDIA	addr	ng	nagar
INDIA	addr	rm	room
INDIA	addr	mohd	mohammad
INDIA	addr	stn	station
INDIA	addr	jc	junction
INDIA	addr	flno	flatno
INDIA	addr	suit	ste
INDIA	addr	mk	mkt
INDIA	addr	sch	school
INDIA	addr	cly	colony
INDIA	addr	gam	gram
INDIA	addr	coop	cooperative
INDIA	addr	pu	pura
INDIA	addr	red	reddy
INDIA	addr	app	apt
INDIA	addr	socy	society
INDIA	addr	wes	w
INDIA	addr	hs	house
INDIA	addr	ec	enclave
INDIA	addr	aprt	apt
INDIA	addr	aptt	apt
INDIA	addr	chl	chawl
INDIA	addr	nagr	nagar
INDIA	addr	lko	lucknow
INDIA	addr	hou	house
INDIA	addr	vlg	vill
INDIA	addr	nk	naka
INDIA	addr	rod	rd
INDIA	addr	plno	plotno
INDIA	addr	encl	enclave
INDIA	addr	siva	shiva
INDIA	addr	shp	shop
INDIA	addr	bv	bhavan
INDIA	addr	gzb	ghaziabad
INDIA	addr	add	address
INDIA	addr	jyot	jyoti
INDIA	addr	depo	depot
INDIA	addr	fat	flat
INDIA	addr	srt	st
INDIA	addr	gruh	gruha
INDIA	addr	hosp	hospital
INDIA	addr	tah	tahsil
INDIA	addr	enc	enclave
INDIA	addr	fly	flyover
INDIA	addr	clg	college
INDIA	addr	colo	colony
INDIA	addr	blok	block
INDIA	addr	mum	mumbai
INDIA	addr	gym	gymkhana
INDIA	addr	chok	chowk
INDIA	addr	sing	singh
INDIA	addr	mrg	marg
INDIA	addr	ofc	office
INDIA	addr	blg	bldg
INDIA	addr	buld	bldg
INDIA	addr	cine	cinema
INDIA	addr	twr	tower
INDIA	addr	hous	house
INDIA	addr	hil	hill
INDIA	addr	temp	temple
INDIA	addr	beh	behind
INDIA	addr	hose	house
INDIA	addr	qtrs	quarters
INDIA	addr	than	thana
US	name	lnc	inc
US	name	centre	center
US	name	denta1	dental
US	name	llcllc	llc
US	name	l1c	llc
US	name	hea1th	health
US	name	heath	health
US	name	fami1y	family
US	name	0f	of
US	name	capita1	capital
US	name	6roup	group
US	name	gr0up	group
US	name	chir0practic	chiropractic
US	name	5mart	smart
US	name	m0untain	mountain
US	name	at1antic	atlantic
US	name	lnterstate	interstate
US	name	8right	bright
US	name	visi0n	vision
US	name	de1ta	delta
US	name	6lobal	global
US	name	gl0bal	global
US	name	g1obal	global
US	name	5tar	star
US	name	c1inic	clinic
US	name	5pecialists	specialists
US	name	a1lied	allied
US	name	r0cky	rocky
US	name	patri0t	patriot
US	name	physica1	physical
US	name	piedm0nt	piedmont
US	name	6reat	great
US	name	5ummit	summit
US	name	harb0r	harbor
US	name	5afe	safe
US	name	d0wntown	downtown
US	name	va1ley	valley
US	name	c1assic	classic
US	name	5mith	smith
US	name	n0se	nose
US	name	fr0ntier	frontier
US	name	5elect	select
US	name	se1ect	select
US	name	ster1ing	sterling
US	name	5terling	sterling
US	name	keyst0ne	keystone
US	name	cust0m	custom
US	name	c0mplete	complete
US	name	comp1ete	complete
US	name	5tate	state
US	name	j0hnson	johnson
US	name	nationa1	national
US	name	nati0nal	national
US	name	cardi0logy	cardiology
US	name	cardio1ogy	cardiology
US	name	8ay	bay
US	name	federa1	federal
US	name	8etter	better
US	name	8lue	blue
US	name	b1ue	blue
US	name	w0mens	womens
US	name	high1and	highland
US	name	pinnade	pinnacle
US	name	pinnac1e	pinnacle
US	name	tota1	total
US	name	t0tal	total
US	name	5ignature	signature
US	name	c0mmunity	community
US	name	a1l	all
US	name	metr0	metro
US	name	wi1liams	williams
US	name	federati0n	federation
US	name	6reen	green
US	name	coasta1	coastal
US	name	c0astal	coastal
US	name	anch0r	anchor
US	name	si1ver	silver
US	name	5ilver	silver
US	name	regi0nal	regional
US	name	regiona1	regional
US	name	e1ite	elite
US	name	go1den	golden
US	name	g0lden	golden
US	name	lntegrated	integrated
US	name	c0lonial	colonial
US	name	metr0politan	metropolitan
US	name	metropo1itan	metropolitan
US	name	6ulf	gulf
US	name	gu1f	gulf
US	name	r0driguez	rodriguez
US	name	precisi0n	precision
US	name	m0dern	modern
US	name	0ptimal	optimal
US	name	continenta1	continental
US	name	c0ntinental	continental
US	name	8est	best
US	name	qua1ity	quality
US	name	n0rth	n
US	name	netw0rk	network
US	name	uro1ogy	urology
US	name	ur0logy	urology
US	name	diam0nd	diamond
US	name	5chool	school
US	name	h0rizon	horizon
US	name	5urgical	surgical
US	name	surgica1	surgical
US	name	c1ear	clear
US	name	ch0ice	choice
US	name	loca1	local
US	name	interna1	internal
US	name	lnstitute	institute
US	name	cae	care
US	name	5upreme	supreme
US	name	a1liance	alliance
US	name	8eacon	beacon
US	name	5ecure	secure
US	name	p1atinum	platinum
US	name	j0nes	jones
US	name	f0ot	foot
US	name	5ociety	society
US	name	c1ean	clean
US	name	6rand	grand
US	name	behavi0ral	behavioral
US	name	c0rp	corp
US	name	pi0neer	pioneer
US	name	onco1ogy	oncology
US	name	superi0r	superior
US	name	5uperior	superior
US	name	re1iable	reliable
US	name	0ffice	office
US	name	0rthopedic	orthopedic
US	name	5ervices	svc
US	name	5trategic	strategic
US	name	6uild	guild
US	name	ank1e	ankle
US	name	heart1and	heartland
US	name	lnnovative	innovative
US	name	va1ue	value
US	name	system	systems
US	name	praivet	pvt
US	name	dhamizhnadhu	tamilnadu
US	name	limidhedh	ltd
US	name	praibhet	pvt
US	name	hariyana	haryana
US	name	bhiraivedh	pvt
US	name	keralan	kerala
US	name	elaelapi	llp
US	name	limirrad	ltd
US	name	tek	tech
US	name	phuds	foods
US	name	kanstrakshans	constructions
US	name	intaraneshanal	intl
US	name	aiti	it
US	name	pradesha	pradesh
US	name	enarji	energy
US	name	impeks	impex
US	name	phud	food
US	name	phaundeshan	foundation
US	name	prodyusar	producer
US	name	estet	estate
US	name	pavar	power
US	name	panjab	punjab
US	name	kanstrakshan	construction
US	name	bildars	builders
US	name	odaisha	odisha
US	name	prodakts	products
US	name	tredinga	trading
US	name	devalapars	developers
US	name	midiya	media
US	name	sistams	systems
US	name	venchars	ventures
US	name	al	all
US	name	indastrij	ind
US	name	entarapraijej	ent
US	name	kansaltents	consultants
US	name	kansaltensi	consultancy
US	name	saolyushans	solutions
US	name	teknolaojij	tech
US	name	injiniyaringa	engg
US	name	investaments	investments
US	name	keyar	care
US	name	projekts	projects
US	name	marketinga	marketing
US	name	eksaports	exports
US	name	kansaltinga	consulting
US	name	imphra	infra
US	name	imphrastrakchar	infrastructure
US	name	egro	agro
US	name	investamenta	investment
US	name	imphotek	infotech
US	name	phainens	finance
US	name	sarvisej	svc
US	name	elelpi	llp
US	name	helthakeyar	healthcare
US	name	hai	high
US	name	haospitailiti	hospitality
US	name	bijanes	business
US	name	mainejamenta	mgmt
US	name	tirupati	tirupathi
US	name	saophtaveyar	software
US	name	gujarata	gujarat
US	name	laojistiks	logistics
US	name	grin	green
US	name	lotas	lotus
US	name	teknolaoji	tech
US	name	laiph	life
US	name	siti	city
US	name	praopartij	properties
US	name	san	sun
US	name	supar	super
US	name	svastik	swastik
US	name	nyu	new
US	name	hotal	hotel
US	name	klasik	classic
US	name	riyal	real
US	name	drim	dream
US	name	dijital	digital
US	name	blu	blue
US	name	suprim	supreme
US	name	phyuchar	future
US	name	skai	sky
US	name	gret	great
US	name	haitek	hitech
US	name	limatid	ltd
US	name	arban	urban
US	name	gud	good
US	name	brait	bright
US	name	yunivarsal	universal
US	name	indiyan	indian
US	name	praim	prime
US	name	yunaited	united
US	name	silvar	silver
US	name	sauth	s
US	name	inovetiv	innovative
US	name	yunik	unique
US	name	epeks	apex
US	name	golda	gold
US	name	esaes	ss
US	name	ista	e
US	name	smarta	smart
US	name	goldan	golden
US	name	dayanamik	dynamic
US	name	istarna	eastern
US	name	paraphekta	perfect
US	name	payoniyar	pioneer
US	name	vijan	vision
US	name	ola	all
US	name	sanaraij	sunrise
US	name	besta	best
US	name	krietiv	creative
US	name	baombe	bombay
US	name	may	my
US	name	sadarna	southern
US	name	rajasthana	rajasthan
US	name	blaik	black
US	name	phaorchyun	fortune
US	name	vhait	white
US	name	gaileksi	galaxy
US	name	maodarna	modern
US	name	solyushans	solutions
US	name	naortha	n
US	name	raoyal	royal
US	name	indastris	ind
US	name	inphra	infra
US	name	inphrastrakchar	infrastructure
US	name	phainans	finance
US	name	inphotek	infotech
US	name	ker	care
US	name	mai	my
US	name	treding	trading
US	name	stors	stores
US	name	bihara	bihar
US	name	agro	agri
US	name	svits	sweets
US	name	tredars	traders
US	name	teknalajis	tech
US	name	bekari	bakery
US	name	elelbhi	llp
US	name	hotel	hotels
US	name	eksports	exports
US	name	motars	motors
US	name	medikals	medicals
US	name	teknalaji	tech
US	name	stil	steel
US	name	prajekts	projects
US	name	provijan	provision
US	name	haspitaliti	hospitality
US	name	lajistiks	logistics
US	name	panjaba	punjab
US	name	saphtver	software
US	name	kansalting	consulting
US	name	jvelars	jewelers
US	name	teksatails	textiles
US	name	garaments	garments
US	name	eses	ss
US	name	prapartis	properties
US	name	restorenta	restaurant
US	name	sarvisas	svc
US	name	hardaveyar	hardware
US	name	heltker	healthcare
US	name	intarneshanal	intl
US	name	dainamik	dynamic
US	name	otomobails	automobiles
US	name	ilektraoniks	electronics
US	name	intarnyashanal	intl
US	name	rayal	royal
US	name	sadarn	southern
US	name	shivan	shivam
US	name	indharneshanl	intl
US	name	dhegh	tech
US	name	injiniyaring	engg
US	name	bambe	bombay
US	name	vait	white
US	name	ghulobhal	global
US	name	vishan	vision
US	name	teknolojis	tech
US	name	saliushanas	solutions
US	name	pharchun	fortune
US	name	sayi	sai
US	name	saut	s
US	name	menejment	mgmt
US	name	parphekt	perfect
US	name	ghansdhrakshans	constructions
US	name	entarapraijes	ent
US	name	intaranyashanal	intl
US	name	entarpraisas	ent
US	name	helthaker	healthcare
US	name	kriyetiv	creative
US	name	kanastrakashanas	constructions
US	name	tredin	trading
US	name	indhasdhris	ind
US	name	infrasdhraghjhar	infrastructure
US	name	fudhs	foods
US	name	hasbhidhalidhdhi	hospitality
US	name	nart	n
US	name	sistemas	systems
US	name	endharbhiraijhas	ent
US	name	injaniring	engg
US	name	gyalaksi	galaxy
US	name	bhildhars	builders
US	name	inaphra	infra
US	name	gloval	global
US	name	bijines	business
US	name	kanasalatyantas	consultants
US	name	phast	fast
US	name	vildars	builders
US	name	entarapraijhis	ent
US	name	inaphotek	infotech
US	name	entarpraijes	ent
US	name	tekanolajis	tech
US	name	eghsbhordhs	exports
US	name	eksaportas	exports
US	name	infodhegh	infotech
US	name	phudas	foods
US	name	ghanjhaldhanjhi	consultancy
US	name	myanejment	mgmt
US	name	esdhedh	estate
US	name	sarbhises	svc
US	name	sanrais	sunrise
US	name	bhijhins	business
US	name	sarvises	svc
US	name	midhiya	media
US	name	jharvijhas	svc
US	name	vijanes	business
US	name	menejmendh	mgmt
US	name	jholyushans	solutions
US	name	aghro	agro
US	name	dheghnalajis	tech
US	name	indastrijh	ind
US	name	jhafdhver	software
US	name	bisines	business
US	name	apeks	apex
US	name	heldhgher	healthcare
US	name	bhurabhbhardhdhis	properties
US	name	kansaltants	consultants
US	name	bhurodhyujhar	producer
US	name	ghanjhaldhandhs	consultants
US	name	marketin	marketing
US	name	prajektas	projects
US	name	istarn	eastern
US	name	marghghedhdhin	marketing
US	name	paoyaar	power
US	name	imbheghs	impex
US	name	menejamenta	mgmt
US	name	venjhjhars	ventures
US	name	bijhanes	business
US	name	lajistikas	logistics
US	name	ghanjhaldhin	consulting
US	name	bhavar	power
US	name	saphataoyayar	software
US	name	teknoloji	tech
US	name	inabhestamentas	investments
US	name	fainans	finance
US	name	invesdhmendh	investment
US	name	lojistiks	logistics
US	name	inaphrastrakachar	infrastructure
US	name	madarn	modern
US	name	inrarnashanal	intl
US	name	ayagro	agro
US	name	kanasalatensi	consultancy
US	name	hasapitaliti	hospitality
US	name	propartijh	properties
US	name	injiniyaarin	engg
US	name	ol	all
US	name	myanejamenta	mgmt
US	name	shyan	shyam
US	name	debhelaparas	developers
US	name	kanasaltin	consulting
US	name	helathakeyaar	healthcare
US	name	kanastrakashan	construction
US	name	prodaktas	products
US	name	modarn	modern
US	name	dhevalabhbhars	developers
US	name	midiyaa	media
US	name	gher	care
US	name	enrarpraisas	ent
US	name	invesdhmendhs	investments
US	name	enjiniyaringa	engg
US	name	hospitaliti	hospitality
US	name	sarvisis	svc
US	name	bhurajeghdhs	projects
US	name	inabhestamenta	investment
US	name	hodhdhal	hotel
US	name	keyaar	care
US	name	bhuradhaghdhs	products
US	name	ghansdhrakshan	construction
US	name	lajisdhighs	logistics
US	name	prapartij	properties
US	name	bhigh	big
US	name	sophtaver	software
US	name	fiyujhjhar	future
US	name	kansaltansi	consultancy
US	name	dhirubhbhadhi	tirupati
US	name	gelaksi	galaxy
US	name	favundheshan	foundation
US	name	fudh	foot
US	name	blak	black
US	name	yunigh	unique
US	name	bombe	bombay
US	name	garments	garment
US	name	ayapeks	apex
US	name	tekanolaji	tech
US	name	invesrrmenrs	investments
US	name	markkaring	marketing
US	name	helttkeyar	healthcare
US	name	payanir	pioneer
US	name	enjiniyaring	engg
US	name	northa	n
US	name	jhan	sun
US	name	atomobails	automobiles
US	name	bhayaniyar	pioneer
US	name	sghai	sky
US	name	gholdhu	gold
US	name	voyidh	white
US	name	smardh	smart
US	name	isdharn	eastern
US	name	valaji	balaji
US	name	ghelaghsi	galaxy
US	name	sadharna	southern
US	name	ailaailapi	llp
US	name	inobhetibh	innovative
US	name	jhiva	shiva
US	name	propparttis	properties
US	name	lodhdhas	lotus
US	name	silabhar	silver
US	name	jhadharn	saturn
US	name	kriyaetibh	creative
US	name	sanraij	sunrise
US	name	kansalttanrs	consultants
US	name	indho	indo
US	name	bhulu	blue
US	name	ghudh	good
US	name	nardh	n
US	name	teknolajis	tech
US	name	vesta	best
US	name	jhilvar	silver
US	name	ghilajhigh	classic
US	name	vlu	blue
US	name	bhishan	vision
US	name	jhiv	shiv
US	name	bisinas	business
US	name	nartha	n
US	name	vijhan	vision
US	name	payaoniyaar	pioneer
US	name	ghiredh	great
US	name	arihandh	arihant
US	name	ghuru	guru
US	name	madharn	modern
US	name	jhanrais	sunrise
US	name	vava	baba
US	name	bhesdh	best
US	name	projakts	projects
US	name	skay	sky
US	name	phanteshan	foundation
US	name	rayayal	royal
US	name	ghirushna	krishna
US	name	svasdhigh	swastik
US	name	anndh	anand
US	name	hospirraliri	hospitality
US	name	kansaltting	consulting
US	name	vomve	bombay
US	name	jhubhbhar	super
US	name	iunaited	united
US	name	bhalaji	balaji
US	name	innovetiv	innovative
US	name	madarna	modern
US	name	modarna	modern
US	name	yunivarjhal	universal
US	name	manejmenr	mgmt
US	name	indhiyan	indian
US	name	devalappezhs	developers
US	name	bharfeghdh	perfect
US	name	adhidhya	adithya
US	name	geleksi	galaxy
US	name	haidhegh	hitech
US	name	ghujaradh	gujarat
US	name	abheghs	apex
US	name	riyael	real
US	name	jyuvelars	jewelers
US	name	hardver	hardware
US	name	vlyak	black
US	name	ghiriyedhdhiv	creative
US	name	esrrerr	estate
US	name	laif	life
US	name	alfa	alpha
US	name	bhambhay	bombay
US	name	ghirin	green
US	name	sdhar	star
US	name	innovedhdhiv	innovative
US	name	sanaraijh	sunrise
US	name	kansalttansi	consultancy
US	name	indiyaan	indian
US	name	alapha	alpha
US	name	phaundesan	foundation
US	name	jhurya	surya
US	name	lojisriks	logistics
US	name	blek	black
US	name	blyak	black
US	name	gholdhan	golden
US	name	dhainmigh	dynamic
US	name	smartt	smart
US	name	tekstails	textiles
US	name	yunaidhedh	united
US	name	intaranaisanal	intl
US	name	hottal	hotel
US	name	invesrrmenr	investment
US	name	vrait	bright
US	name	galaksi	galaxy
US	name	payonir	pioneer
US	name	soliusanaja	solutions
US	name	bildezhs	builders
US	name	redh	red
US	name	bhilagh	black
US	name	dayanemik	dynamic
US	name	payaniyar	pioneer
US	name	nortt	n
US	name	iunibharsal	universal
US	name	dijirral	digital
US	name	saudarna	southern
US	name	provishan	provision
US	name	kanasalatantas	consultants
US	name	gujaratt	gujarat
US	name	innoverriv	innovative
US	name	intyan	indian
US	name	jenral	general
US	name	taik	tech
US	name	ladhjhumi	lakshmi
US	name	yunivezhsal	universal
US	name	kanashtrakasan	construction
US	name	inaphrashtrakachar	infrastructure
US	name	into	indo
US	name	kanasalatin	consulting
US	name	galobal	global
US	name	midia	media
US	name	isatet	state
US	name	prabhishan	provision
US	name	kansalataintas	consultants
US	name	moden	modern
US	name	lottas	lotus
US	name	restarent	restaurant
US	name	kansalatainsi	consultancy
US	name	kanashtrakasans	constructions
US	name	ilektroniks	electronics
US	name	hardhuver	hardware
US	name	taikanaloji	tech
US	name	kanasalatansi	consultancy
US	name	aintarapraijaija	ent
US	name	suppar	super
US	name	lakasami	lakshmi
US	name	teksatailas	textiles
US	name	modhdhars	motors
US	name	phudaja	foods
US	name	salyusans	solutions
US	name	bijay	vijay
US	name	rial	real
US	name	bhurovishan	provision
US	name	kear	care
US	name	resturenta	restaurant
US	name	hasapitailiti	hospitality
US	name	inaphotaik	infotech
US	name	lajishtiks	logistics
US	name	aikasaporatas	exports
US	name	debhalapars	developers
US	name	elaktraniks	electronics
US	name	inaphrasatrakachar	infrastructure
US	name	sdhil	steel
US	name	suitas	suites
US	name	inabheshtament	investment
US	name	indasatrija	ind
US	name	projektas	projects
US	name	sishtamas	systems
US	name	atomovailas	automobiles
US	name	laujisatikas	logistics
US	name	intaranyasanal	intl
US	name	aigaro	agro
US	name	tiruppati	tirupati
US	name	kansatrakasanaja	constructions
US	name	bekkari	bakery
US	name	medikyalas	medicals
US	name	satt	s
US	name	shtar	star
US	name	impaikas	impex
US	name	medhighghals	medicals
US	name	kansalatinga	consulting
US	name	saphtaweyar	software
US	name	blakk	black
US	name	goladen	golden
US	name	eleghdhranighs	electronics
US	name	divailaparaja	developers
US	name	taikanalojija	tech
US	name	swstik	swastik
US	name	inavaisatamaintas	investments
US	name	provijhan	provision
US	name	sdhors	stores
US	name	sadaran	southern
US	name	projaikatas	projects
US	name	gharmendhs	garments
US	name	saphatavear	software
US	name	proparatija	properties
US	name	hailathakear	healthcare
US	name	biladars	builders
US	name	adhdhomobhails	automobiles
US	name	srrors	stores
US	name	restorent	restaurant
US	name	teksrrails	textiles
US	name	restoranta	restaurant
US	name	sisatamaja	systems
US	name	besht	best
US	name	elektraniks	electronics
US	name	saravisija	svc
US	name	motaras	motors
US	name	marakitinga	marketing
US	name	bheghghari	bakery
US	name	bijanas	business
US	name	prodakatas	products
US	name	medikkals	medicals
US	name	krietibh	creative
US	name	kansatrakasan	construction
US	name	ilekatraniks	electronics
US	name	propartij	properties
US	name	shibam	shivam
US	name	mainejamainta	mgmt
US	name	hardveyar	hardware
US	name	hardaoyayar	hardware
US	name	myanejament	mgmt
US	name	taikasatailaja	textiles
US	name	hardaver	hardware
US	name	savasatik	swastik
US	name	sakati	shakti
US	name	garmenrs	garments
US	name	ottomobails	automobiles
US	name	saivam	shivam
US	name	garmentas	garments
US	name	suparim	supreme
US	name	sakai	sky
US	name	hardaweyar	hardware
US	name	inavaisatamainta	investment
US	name	paraphaikat	perfect
US	name	aditia	aditya
US	name	yunibharsal	universal
US	name	inabheshtamentas	investments
US	name	mottozhs	motors
US	name	vekari	bakery
US	name	isataran	eastern
US	name	gudda	good
US	name	bhijan	vision
US	name	eshtet	estate
US	name	tredezhs	traders
US	name	jvallezhs	jewelers
US	name	balaik	black
US	name	ilaktroniks	electronics
US	name	biladaraja	builders
US	name	tredaraja	traders
US	name	golad	gold
US	name	kalasik	classic
US	name	silavar	silver
US	name	alaphaa	alpha
US	name	ishtarn	eastern
US	name	yunaitid	united
US	name	sanaraija	sunrise
US	name	phasat	fast
US	name	galaikasi	galaxy
US	name	narath	n
US	name	garamaintas	garments
US	name	satar	star
US	name	raidda	red
US	name	saiva	shiva
US	name	saiv	shiv
US	name	yunivarasal	universal
US	name	shtors	stores
US	name	balu	blue
US	name	javailaraja	jewelers
US	name	vijai	vijay
US	name	isht	ist
US	name	shtil	steel
US	name	maidikalaja	medicals
US	name	rail	royal
US	name	baisat	best
US	name	motaraja	motors
US	name	jeneral	general
US	name	painiar	pioneer
US	name	samarat	smart
US	name	goladan	golden
US	name	madaran	modern
US	name	baumbe	bombay
US	name	juelars	jewelers
US	name	sautharn	southern
US	name	laipha	life
US	name	swits	sweets
US	name	probhijan	provision
US	name	satil	steel
US	name	labs	laboratories
US	name	sys	systems
US	name	spac	space
US	name	lab	laboratories
US	name	arch	architecture
US	name	gen	general
US	name	net	network
US	name	real	realty
US	name	cap	capital
US	name	rich	richard
US	addr	stret	st
US	addr	strete	st
US	addr	srteet	st
US	addr	steet	st
US	addr	sreet	st
US	addr	steret	st
US	addr	rad	rd
US	addr	roda	rd
US	addr	dirve	dr
US	addr	drve	dr
US	addr	drvie	dr
US	addr	drie	dr
US	addr	driev	dr
US	addr	dive	dr
US	addr	avnue	ave
US	addr	aveue	ave
US	addr	avneue	ave
US	addr	aenue	ave
US	addr	aveneu	ave
US	addr	aevnue	ave
US	addr	aveune	ave
US	addr	avene	ave
US	addr	tx	texas
US	addr	lae	ln
US	addr	lne	ln
US	addr	laen	ln
US	addr	lnae	ln
US	addr	oh	ohio
US	addr	il	illinois
US	addr	north carolina	nc
US	addr	new york	ny
US	addr	tn	tennessee
US	addr	connecticut	ct
US	addr	cout	ct
US	addr	cuort	ct
US	addr	ma	massachusetts
US	addr	az	arizona
US	addr	in	indiana
US	addr	va	virginia
US	addr	wa	washington
US	addr	md	maryland
US	addr	ca	california
US	addr	minnesota	mn
US	addr	alabama	al
US	addr	ky	kentucky
US	addr	cir	circle
US	addr	or	oregon
US	addr	arkansas	ar
US	addr	mo	missouri
US	addr	oklahoma	ok
US	addr	wi	wisconsin
US	addr	ia	iowa
US	addr	utah	ut
US	addr	trl	trail
US	addr	west virginia	wv
US	addr	ks	kansas
US	addr	me	maine
US	addr	montana	mt
US	addr	new mexico	nm
US	addr	pennsylvania	pa
US	addr	delaware	de
US	addr	nebraska	ne
US	addr	northeast	ne
US	addr	north dakota	nd
US	addr	vermont	vt
US	addr	terrace	t
US	addr	florida	fl
US	addr	louisiana	la
US	addr	colorado	co
US	addr	georgia	ga
US	addr	ft	fort
US	addr	alaska	ak
US	addr	south carolina	sc
US	addr	cv	cove
US	addr	wyoming	wy
US	addr	so	s
US	addr	atl	atlanta
US	addr	south dakota	sd
US	addr	idaho	id
US	addr	fourteenth	14
US	addr	14 street	14
US	addr	fourteenth st	14
US	addr	0014	14
US	addr	thirteenth	13
US	addr	thirteenth st	13
US	addr	fifteenth	15
US	addr	15 street	15
US	addr	fifteenth st	15
US	addr	rdg	ridge
US	addr	pt	point
US	addr	port	point
US	addr	xing	crossing
US	addr	rhode island	ri
US	addr	twentieth	20
US	addr	tpke	turnpike
US	addr	hoouston	houston
US	addr	hoston	houston
US	addr	hosuton	houston
US	addr	houtson	houston
US	addr	houuston	houston
US	addr	houstn	houston
US	addr	housotn	houston
US	addr	huoston	houston
US	addr	sw	southwest
US	addr	clumbus	columbus
US	addr	columbs	columbus
US	addr	southeast	se
US	addr	ciity	city
US	addr	ciyt	city
US	addr	citty	city
US	addr	ccity	city
US	addr	ctiy	city
US	addr	expy	expressway
US	addr	0065	65
US	addr	05	5
US	addr	002	2
US	addr	aly	alley
US	addr	nw	northwest
US	addr	0215	215
US	addr	seatle	seattle
US	addr	07	7
US	addr	04	4
US	addr	00110	110
US	addr	chciago	chicago
US	addr	chcago	chicago
US	addr	tcuson	tucson
US	addr	phonix	phoenix
US	addr	prk	park
US	addr	00102	102
US	addr	0240	240
US	addr	lynwood	lynnwood
US	addr	wappingers	wappinger
US	addr	charlote	charlotte
US	addr	luis	louis
US	addr	centre	center
US	addr	county	co
US	addr	cnty	co
US	addr	praivet	pvt
US	addr	dhamizhnadhu	tamilnadu
US	addr	limidhedh	ltd
US	addr	praibhet	pvt
US	addr	hariyana	haryana
US	addr	bhiraivedh	pvt
US	addr	keralan	kerala
US	addr	elaelapi	llp
US	addr	limirrad	ltd
US	addr	tek	tech
US	addr	phuds	foods
US	addr	kanstrakshans	constructions
US	addr	intaraneshanal	intl
US	addr	aiti	it
US	addr	pradesha	pradesh
US	addr	enarji	energy
US	addr	impeks	impex
US	addr	phud	food
US	addr	phaundeshan	foundation
US	addr	prodyusar	producer
US	addr	estet	estate
US	addr	pavar	power
US	addr	panjab	punjab
US	addr	kanstrakshan	construction
US	addr	bildars	builders
US	addr	odaisha	odisha
US	addr	prodakts	products
US	addr	tredinga	trading
US	addr	devalapars	developers
US	addr	midiya	media
US	addr	sistams	systems
US	addr	venchars	ventures
US	addr	indastrij	ind
US	addr	entarapraijej	ent
US	addr	kansaltents	consultants
US	addr	kansaltensi	consultancy
US	addr	saolyushans	solutions
US	addr	teknolaojij	tech
US	addr	injiniyaringa	engg
US	addr	investaments	investments
US	addr	keyar	care
US	addr	projekts	projects
US	addr	marketinga	marketing
US	addr	eksaports	exports
US	addr	kansaltinga	consulting
US	addr	imphra	infra
US	addr	imphrastrakchar	infrastructure
US	addr	egro	agro
US	addr	investamenta	investment
US	addr	imphotek	infotech
US	addr	phainens	finance
US	addr	sarvisej	svc
US	addr	elelpi	llp
US	addr	helthakeyar	healthcare
US	addr	hai	high
US	addr	haospitailiti	hospitality
US	addr	bijanes	business
US	addr	mainejamenta	mgmt
US	addr	tirupati	tirupathi
US	addr	saophtaveyar	software
US	addr	gujarata	gujarat
US	addr	laojistiks	logistics
US	addr	grin	green
US	addr	lotas	lotus
US	addr	teknolaoji	tech
US	addr	laiph	life
US	addr	siti	city
US	addr	praopartij	properties
US	addr	san	sun
US	addr	supar	super
US	addr	svastik	swastik
US	addr	nyu	new
US	addr	hotal	hotel
US	addr	klasik	classic
US	addr	riyal	real
US	addr	drim	dream
US	addr	dijital	digital
US	addr	blu	blue
US	addr	suprim	supreme
US	addr	phyuchar	future
US	addr	skai	sky
US	addr	gret	great
US	addr	haitek	hitech
US	addr	limatid	ltd
US	addr	arban	urban
US	addr	gud	good
US	addr	brait	bright
US	addr	yunivarsal	universal
US	addr	indiyan	indian
US	addr	praim	prime
US	addr	yunaited	united
US	addr	silvar	silver
US	addr	sauth	s
US	addr	inovetiv	innovative
US	addr	yunik	unique
US	addr	epeks	apex
US	addr	golda	gold
US	addr	esaes	ss
US	addr	ista	e
US	addr	smarta	smart
US	addr	goldan	golden
US	addr	dayanamik	dynamic
US	addr	istarna	eastern
US	addr	paraphekta	perfect
US	addr	payoniyar	pioneer
US	addr	vijan	vision
US	addr	ola	all
US	addr	sanaraij	sunrise
US	addr	besta	best
US	addr	krietiv	creative
US	addr	baombe	bombay
US	addr	may	my
US	addr	sadarna	southern
US	addr	rajasthana	rajasthan
US	addr	blaik	black
US	addr	phaorchyun	fortune
US	addr	vhait	white
US	addr	gaileksi	galaxy
US	addr	maodarna	modern
US	addr	solyushans	solutions
US	addr	naortha	n
US	addr	raoyal	royal
US	addr	indastris	ind
US	addr	inphra	infra
US	addr	inphrastrakchar	infrastructure
US	addr	phainans	finance
US	addr	inphotek	infotech
US	addr	ker	care
US	addr	mai	my
US	addr	treding	trading
US	addr	stors	stores
US	addr	bihara	bihar
US	addr	agro	agri
US	addr	svits	sweets
US	addr	tredars	traders
US	addr	teknalajis	tech
US	addr	bekari	bakery
US	addr	elelbhi	llp
US	addr	hotel	hotels
US	addr	eksports	exports
US	addr	motars	motors
US	addr	medikals	medicals
US	addr	teknalaji	tech
US	addr	stil	steel
US	addr	prajekts	projects
US	addr	provijan	provision
US	addr	haspitaliti	hospitality
US	addr	lajistiks	logistics
US	addr	panjaba	punjab
US	addr	saphtver	software
US	addr	kansalting	consulting
US	addr	jvelars	jewelers
US	addr	teksatails	textiles
US	addr	garaments	garments
US	addr	eses	ss
US	addr	prapartis	properties
US	addr	restorenta	restaurant
US	addr	sarvisas	svc
US	addr	hardaveyar	hardware
US	addr	heltker	healthcare
US	addr	intarneshanal	intl
US	addr	dainamik	dynamic
US	addr	otomobails	automobiles
US	addr	ilektraoniks	electronics
US	addr	intarnyashanal	intl
US	addr	rayal	royal
US	addr	sadarn	southern
US	addr	shivan	shivam
US	addr	indharneshanl	intl
US	addr	dhegh	tech
US	addr	injiniyaring	engg
US	addr	bambe	bombay
US	addr	vait	white
US	addr	ghulobhal	global
US	addr	vishan	vision
US	addr	teknolojis	tech
US	addr	saliushanas	solutions
US	addr	pharchun	fortune
US	addr	sayi	sai
US	addr	saut	s
US	addr	menejment	mgmt
US	addr	parphekt	perfect
US	addr	ghansdhrakshans	constructions
US	addr	entarapraijes	ent
US	addr	intaranyashanal	intl
US	addr	entarpraisas	ent
US	addr	helthaker	healthcare
US	addr	kriyetiv	creative
US	addr	kanastrakashanas	constructions
US	addr	tredin	trading
US	addr	indhasdhris	ind
US	addr	infrasdhraghjhar	infrastructure
US	addr	fudhs	foods
US	addr	hasbhidhalidhdhi	hospitality
US	addr	nart	n
US	addr	sistemas	systems
US	addr	endharbhiraijhas	ent
US	addr	injaniring	engg
US	addr	gyalaksi	galaxy
US	addr	bhildhars	builders
US	addr	inaphra	infra
US	addr	gloval	global
US	addr	bijines	business
US	addr	kanasalatyantas	consultants
US	addr	phast	fast
US	addr	vildars	builders
US	addr	entarapraijhis	ent
US	addr	inaphotek	infotech
US	addr	entarpraijes	ent
US	addr	tekanolajis	tech
US	addr	eghsbhordhs	exports
US	addr	eksaportas	exports
US	addr	infodhegh	infotech
US	addr	phudas	foods
US	addr	ghanjhaldhanjhi	consultancy
US	addr	myanejment	mgmt
US	addr	esdhedh	estate
US	addr	sarbhises	svc
US	addr	sanrais	sunrise
US	addr	bhijhins	business
US	addr	sarvises	svc
US	addr	midhiya	media
US	addr	jharvijhas	svc
US	addr	vijanes	business
US	addr	menejmendh	mgmt
US	addr	jholyushans	solutions
US	addr	aghro	agro
US	addr	dheghnalajis	tech
US	addr	indastrijh	ind
US	addr	jhafdhver	software
US	addr	bisines	business
US	addr	apeks	apex
US	addr	heldhgher	healthcare
US	addr	bhurabhbhardhdhis	properties
US	addr	kansaltants	consultants
US	addr	bhurodhyujhar	producer
US	addr	ghanjhaldhandhs	consultants
US	addr	marketin	marketing
US	addr	prajektas	projects
US	addr	istarn	eastern
US	addr	marghghedhdhin	marketing
US	addr	paoyaar	power
US	addr	imbheghs	impex
US	addr	menejamenta	mgmt
US	addr	venjhjhars	ventures
US	addr	bijhanes	business
US	addr	lajistikas	logistics
US	addr	ghanjhaldhin	consulting
US	addr	bhavar	power
US	addr	saphataoyayar	software
US	addr	teknoloji	tech
US	addr	inabhestamentas	investments
US	addr	fainans	finance
US	addr	invesdhmendh	investment
US	addr	lojistiks	logistics
US	addr	inaphrastrakachar	infrastructure
US	addr	madarn	modern
US	addr	inrarnashanal	intl
US	addr	ayagro	agro
US	addr	kanasalatensi	consultancy
US	addr	hasapitaliti	hospitality
US	addr	propartijh	properties
US	addr	injiniyaarin	engg
US	addr	ol	all
US	addr	myanejamenta	mgmt
US	addr	shyan	shyam
US	addr	debhelaparas	developers
US	addr	kanasaltin	consulting
US	addr	helathakeyaar	healthcare
US	addr	kanastrakashan	construction
US	addr	prodaktas	products
US	addr	modarn	modern
US	addr	dhevalabhbhars	developers
US	addr	midiyaa	media
US	addr	gher	care
US	addr	enrarpraisas	ent
US	addr	invesdhmendhs	investments
US	addr	enjiniyaringa	engg
US	addr	hospitaliti	hospitality
US	addr	sarvisis	svc
US	addr	bhurajeghdhs	projects
US	addr	inabhestamenta	investment
US	addr	hodhdhal	hotel
US	addr	keyaar	care
US	addr	bhuradhaghdhs	products
US	addr	ghansdhrakshan	construction
US	addr	lajisdhighs	logistics
US	addr	prapartij	properties
US	addr	bhigh	big
US	addr	sophtaver	software
US	addr	fiyujhjhar	future
US	addr	kansaltansi	consultancy
US	addr	dhirubhbhadhi	tirupati
US	addr	gelaksi	galaxy
US	addr	favundheshan	foundation
US	addr	fudh	foot
US	addr	blak	black
US	addr	yunigh	unique
US	addr	bombe	bombay
US	addr	garments	garment
US	addr	ayapeks	apex
US	addr	tekanolaji	tech
US	addr	invesrrmenrs	investments
US	addr	markkaring	marketing
US	addr	helttkeyar	healthcare
US	addr	payanir	pioneer
US	addr	enjiniyaring	engg
US	addr	northa	n
US	addr	jhan	sun
US	addr	atomobails	automobiles
US	addr	bhayaniyar	pioneer
US	addr	sghai	sky
US	addr	gholdhu	gold
US	addr	voyidh	white
US	addr	smardh	smart
US	addr	isdharn	eastern
US	addr	valaji	balaji
US	addr	ghelaghsi	galaxy
US	addr	sadharna	southern
US	addr	ailaailapi	llp
US	addr	inobhetibh	innovative
US	addr	jhiva	shiva
US	addr	propparttis	properties
US	addr	lodhdhas	lotus
US	addr	silabhar	silver
US	addr	jhadharn	saturn
US	addr	kriyaetibh	creative
US	addr	sanraij	sunrise
US	addr	kansalttanrs	consultants
US	addr	indho	indo
US	addr	bhulu	blue
US	addr	ghudh	good
US	addr	nardh	n
US	addr	teknolajis	tech
US	addr	vesta	best
US	addr	jhilvar	silver
US	addr	ghilajhigh	classic
US	addr	vlu	blue
US	addr	bhishan	vision
US	addr	jhiv	shiv
US	addr	bisinas	business
US	addr	nartha	n
US	addr	vijhan	vision
US	addr	payaoniyaar	pioneer
US	addr	ghiredh	great
US	addr	arihandh	arihant
US	addr	ghuru	guru
US	addr	madharn	modern
US	addr	jhanrais	sunrise
US	addr	vava	baba
US	addr	bhesdh	best
US	addr	projakts	projects
US	addr	skay	sky
US	addr	phanteshan	foundation
US	addr	rayayal	royal
US	addr	ghirushna	krishna
US	addr	svasdhigh	swastik
US	addr	anndh	anand
US	addr	hospirraliri	hospitality
US	addr	kansaltting	consulting
US	addr	vomve	bombay
US	addr	jhubhbhar	super
US	addr	iunaited	united
US	addr	bhalaji	balaji
US	addr	innovetiv	innovative
US	addr	madarna	modern
US	addr	modarna	modern
US	addr	yunivarjhal	universal
US	addr	manejmenr	mgmt
US	addr	indhiyan	indian
US	addr	devalappezhs	developers
US	addr	bharfeghdh	perfect
US	addr	adhidhya	adithya
US	addr	geleksi	galaxy
US	addr	haidhegh	hitech
US	addr	ghujaradh	gujarat
US	addr	abheghs	apex
US	addr	riyael	real
US	addr	jyuvelars	jewelers
US	addr	hardver	hardware
US	addr	vlyak	black
US	addr	ghiriyedhdhiv	creative
US	addr	esrrerr	estate
US	addr	laif	life
US	addr	alfa	alpha
US	addr	bhambhay	bombay
US	addr	ghirin	green
US	addr	sdhar	star
US	addr	innovedhdhiv	innovative
US	addr	sanaraijh	sunrise
US	addr	kansalttansi	consultancy
US	addr	indiyaan	indian
US	addr	alapha	alpha
US	addr	phaundesan	foundation
US	addr	jhurya	surya
US	addr	lojisriks	logistics
US	addr	blek	black
US	addr	blyak	black
US	addr	gholdhan	golden
US	addr	dhainmigh	dynamic
US	addr	smartt	smart
US	addr	tekstails	textiles
US	addr	yunaidhedh	united
US	addr	intaranaisanal	intl
US	addr	hottal	hotel
US	addr	invesrrmenr	investment
US	addr	vrait	bright
US	addr	galaksi	galaxy
US	addr	payonir	pioneer
US	addr	soliusanaja	solutions
US	addr	bildezhs	builders
US	addr	redh	red
US	addr	bhilagh	black
US	addr	dayanemik	dynamic
US	addr	payaniyar	pioneer
US	addr	nortt	n
US	addr	iunibharsal	universal
US	addr	dijirral	digital
US	addr	saudarna	southern
US	addr	provishan	provision
US	addr	kanasalatantas	consultants
US	addr	gujaratt	gujarat
US	addr	innoverriv	innovative
US	addr	intyan	indian
US	addr	jenral	general
US	addr	taik	tech
US	addr	ladhjhumi	lakshmi
US	addr	yunivezhsal	universal
US	addr	kanashtrakasan	construction
US	addr	inaphrashtrakachar	infrastructure
US	addr	into	indo
US	addr	kanasalatin	consulting
US	addr	galobal	global
US	addr	midia	media
US	addr	isatet	state
US	addr	prabhishan	provision
US	addr	kansalataintas	consultants
US	addr	moden	modern
US	addr	lottas	lotus
US	addr	restarent	restaurant
US	addr	kansalatainsi	consultancy
US	addr	kanashtrakasans	constructions
US	addr	ilektroniks	electronics
US	addr	hardhuver	hardware
US	addr	taikanaloji	tech
US	addr	kanasalatansi	consultancy
US	addr	aintarapraijaija	ent
US	addr	suppar	super
US	addr	lakasami	lakshmi
US	addr	teksatailas	textiles
US	addr	modhdhars	motors
US	addr	phudaja	foods
US	addr	salyusans	solutions
US	addr	bijay	vijay
US	addr	rial	real
US	addr	bhurovishan	provision
US	addr	kear	care
US	addr	resturenta	restaurant
US	addr	hasapitailiti	hospitality
US	addr	inaphotaik	infotech
US	addr	lajishtiks	logistics
US	addr	aikasaporatas	exports
US	addr	debhalapars	developers
US	addr	elaktraniks	electronics
US	addr	inaphrasatrakachar	infrastructure
US	addr	sdhil	steel
US	addr	suitas	suites
US	addr	inabheshtament	investment
US	addr	indasatrija	ind
US	addr	projektas	projects
US	addr	sishtamas	systems
US	addr	atomovailas	automobiles
US	addr	laujisatikas	logistics
US	addr	intaranyasanal	intl
US	addr	aigaro	agro
US	addr	tiruppati	tirupati
US	addr	kansatrakasanaja	constructions
US	addr	bekkari	bakery
US	addr	medikyalas	medicals
US	addr	satt	s
US	addr	shtar	star
US	addr	impaikas	impex
US	addr	medhighghals	medicals
US	addr	kansalatinga	consulting
US	addr	saphtaweyar	software
US	addr	blakk	black
US	addr	goladen	golden
US	addr	eleghdhranighs	electronics
US	addr	divailaparaja	developers
US	addr	taikanalojija	tech
US	addr	swstik	swastik
US	addr	inavaisatamaintas	investments
US	addr	provijhan	provision
US	addr	sdhors	stores
US	addr	sadaran	southern
US	addr	projaikatas	projects
US	addr	gharmendhs	garments
US	addr	saphatavear	software
US	addr	proparatija	properties
US	addr	hailathakear	healthcare
US	addr	biladars	builders
US	addr	adhdhomobhails	automobiles
US	addr	srrors	stores
US	addr	restorent	restaurant
US	addr	teksrrails	textiles
US	addr	restoranta	restaurant
US	addr	sisatamaja	systems
US	addr	besht	best
US	addr	elektraniks	electronics
US	addr	saravisija	svc
US	addr	motaras	motors
US	addr	marakitinga	marketing
US	addr	bheghghari	bakery
US	addr	bijanas	business
US	addr	prodakatas	products
US	addr	medikkals	medicals
US	addr	krietibh	creative
US	addr	kansatrakasan	construction
US	addr	ilekatraniks	electronics
US	addr	propartij	properties
US	addr	shibam	shivam
US	addr	mainejamainta	mgmt
US	addr	hardveyar	hardware
US	addr	hardaoyayar	hardware
US	addr	myanejament	mgmt
US	addr	taikasatailaja	textiles
US	addr	hardaver	hardware
US	addr	savasatik	swastik
US	addr	sakati	shakti
US	addr	garmenrs	garments
US	addr	ottomobails	automobiles
US	addr	saivam	shivam
US	addr	garmentas	garments
US	addr	suparim	supreme
US	addr	sakai	sky
US	addr	hardaweyar	hardware
US	addr	inavaisatamainta	investment
US	addr	paraphaikat	perfect
US	addr	aditia	aditya
US	addr	yunibharsal	universal
US	addr	inabheshtamentas	investments
US	addr	mottozhs	motors
US	addr	vekari	bakery
US	addr	isataran	eastern
US	addr	gudda	good
US	addr	bhijan	vision
US	addr	eshtet	estate
US	addr	tredezhs	traders
US	addr	jvallezhs	jewelers
US	addr	balaik	black
US	addr	ilaktroniks	electronics
US	addr	biladaraja	builders
US	addr	tredaraja	traders
US	addr	golad	gold
US	addr	kalasik	classic
US	addr	silavar	silver
US	addr	alaphaa	alpha
US	addr	ishtarn	eastern
US	addr	yunaitid	united
US	addr	sanaraija	sunrise
US	addr	phasat	fast
US	addr	galaikasi	galaxy
US	addr	narath	n
US	addr	garamaintas	garments
US	addr	satar	star
US	addr	raidda	red
US	addr	saiva	shiva
US	addr	saiv	shiv
US	addr	yunivarasal	universal
US	addr	shtors	stores
US	addr	balu	blue
US	addr	javailaraja	jewelers
US	addr	vijai	vijay
US	addr	isht	ist
US	addr	shtil	steel
US	addr	maidikalaja	medicals
US	addr	rail	royal
US	addr	baisat	best
US	addr	motaraja	motors
US	addr	jeneral	general
US	addr	painiar	pioneer
US	addr	samarat	smart
US	addr	goladan	golden
US	addr	madaran	modern
US	addr	baumbe	bombay
US	addr	juelars	jewelers
US	addr	sautharn	southern
US	addr	laipha	life
US	addr	swits	sweets
US	addr	probhijan	provision
US	addr	satil	steel
US	addr	twp	township
US	addr	paso	paseo
US	addr	pass	passage
US	addr	ciy	city
US	addr	cty	city
US	addr	rt	rte
US	addr	tr	trail
US	addr	mead	meadow
US	addr	hil	hill
US	addr	cond	condo
US	addr	mtn	mountain
US	addr	val	valley
US	addr	trlr	trailer
